No	Eng	Kor
1	We watched a documentary about how honeybees communicate through special dance movements. 	 꿀벌들이 특별한 춤 동작을 통해 어떻게 의사소통하는지에 관한 다큐멘터리를 보았어.
2	I always feel relaxed when I listen to acoustic guitar music in the evening. 	 저녁에 통기타 음악을 들을 때면 항상 마음이 편안해져.
3	Let's make sure our backpack zippers are fully closed before boarding the bus. 	 버스에 타기 전에 가방 지퍼가 완전히 닫혔는지 확인하자.
4	Which channel is showing the animated movie right now? 	 지금 어느 채널에서 애니메이션 영화를 방영하고 있어?
5	We should support local community markets by purchasing organic vegetables. 	 우리는 유기농 채소를 구매함으로써 지역 전통시장을 지원해야 해.
6	We learned about the importance of protecting endangered ocean creatures. 	 우리는 멸종 위기에 처한 해양 생물들을 보호하는 중요성에 대해 배웠어.
7	Can you help me clean and organize the art cabinet in the corner? 	 구석에 있는 미술용품 수납장을 청소하고 정리하는 것 좀 도와줄래?
8	I felt very proud of myself after finishing the five-kilometer charity run. 	 5킬로미터 자선 달리기 경주를 완주하고 나니 내 자신이 정말 자랑스러웠어.
9	Don't forget to unplug the electronic chargers before leaving for the weekend. 	 주말여행을 떠나기 전에 전자기기 충전기 플러그를 뽑는 거 잊지 마.
10	My hands are sticky because I ate a melted ice pop. 	 녹은 아이스바를 먹었더니 손이 끈적거려.
11	I made a refreshing lemonade by mixing fresh lemon juice with cold water. 	 생레몬즙을 시원한 물과 섞어서 상큼한 레모네이드를 만들었어.
12	Let's write down three things we are grateful for at the end of every day. 	 매일 하루가 끝날 때마다 감사한 일 세 가지를 적어보자.
13	Let's check the weather forecast to see if we should carry sunglasses today. 	 오늘 선글라스를 챙겨야 할지 일기예보를 확인해 보자.
14	I was so pleased to receive helpful feedback on my science project presentation. 	 과학 과제 발표에 대해 유익한 피드백을 받아서 정말 기뻤어.
15	I'm trying to save up money to buy a new pair of inline skates. 	 새 인라인스케이트를 사려고 돈을 모으는 중이야.
16	We decided to create a handwritten greeting card for our homeroom teacher. 	 우리는 담임선생님을 위해 손글씨로 쓴 축하 카드를 만들기로 했어.
17	It is important to encourage your friends when they feel nervous about a speech. 	 친구가 발표를 앞두고 긴장할 때 용기를 북돋아 주는 것은 중요해.
18	Let's take a group photo while everyone is smiling brightly. 	 다들 환하게 웃고 있을 때 단체 사진 한 장 찍자.
19	Don't touch wild insects or strange plants that you encounter in the forest. 	 숲에서 마주치는 야생 곤충이나 낯선 식물을 함부로 만지지 마.
20	Let's research different marine animals and create an informative science poster. 	 다양한 해양 동물을 조사해서 유익한 과학 포스터를 만들어보자.
21	I am determined to read at least fifteen pages of a historical novel every night. 	 매일 밤 역사 소설을 적어도 15쪽씩 읽기로 다짐했어.
22	We observed how plants absorb water through their roots under a microscope. 	 우리는 현미경을 통해 식물이 뿌리로 물을 흡수하는 과정을 관찰했어.
23	Do you want to build a giant Lego castle together on the floor? 	 방바닥에서 거대한 레고 성 같이 만들래?
24	I'm thinking about getting a haircut this coming Saturday afternoon. 	 이번 주 토요일 오후에 머리를 자를까 생각 중이야.
25	Always dry your hands thoroughly with a clean towel after washing them. 	 손을 씻은 후에는 항상 깨끗한 수건으로 물기를 완전히 말려야 해.
26	I always double-check my school bag before going to sleep at night. 	 나는 밤에 잠들기 전에 항상 책가방을 다시 한번 확인해.
27	I learned that honey never spoils if it is stored in an airtight container. 	 밀폐 용기에 보관하면 꿀은 절대 상하지 않는다는 것을 배웠어.
28	Do you know where I put my blue baseball cap? 	 내 파란색 야구 모자 어디 뒀는지 알아?
29	We should encourage each other whenever someone faces a difficult challenge. 	 누군가가 어려운 도전에 직면할 때마다 우리는 서로를 격려해야 해.
30	Can you explain why leaves change color and fall to the ground during autumn? 	 가을에 나뭇잎 색이 변하고 땅에 떨어지는 이유를 설명해 줄 수 있어?
31	I always pack an extra pair of socks in my bag when I travel. 	 나는 여행할 때 항상 가방에 여분의 양말 한 켤레를 챙겨.
32	It takes a lot of practice and dedication to master skateboarding tricks. 	 스케이트보드 기술을 익히려면 많은 연습과 노력이 필요해.
33	We observed how different materials either sink or float in a bucket of water. 	 우리는 여러 가지 물질이 물통 속에서 가라앉거나 뜨는 현상을 관찰했어.
34	I learned that plants need sunlight, carbon dioxide, and water to grow healthy. 	 식물이 건강하게 자라려면 햇빛, 이산화탄소, 물이 필요하다는 것을 배웠어.
35	You should always brush your teeth twice a day to maintain healthy gums. 	 건강한 잇몸을 유지하기 위해 하루에 두 번씩 꼭 이를 닦아야 해.
36	Let's compare the prices of these two backpacks before making a final decision. 	 최종 결정을 내리기 전에 이 두 배낭의 가격을 비교해 보자.
37	The local animal shelter provides medical care for injured stray pets. 	 지역 동물 보호소는 다친 유기 동물들에게 의료 서비스를 제공해.
38	Can you check if the oven is turned off completely? 	 오븐이 완전히 꺼졌는지 확인해 줄래?
39	I managed to assemble the new bookshelf following the instruction manual. 	 설명서를 따라 차근차근 조립해서 마침내 새 책장을 완성했어.
40	Always make sure to lock the front door properly whenever you leave home. 	 집을 나설 때는 항상 현관문이 제대로 잠겼는지 확인해.
41	Let's clean the dirty whiteboard using a soft eraser and board spray. 	 부드러운 지우개와 보드 클리너를 사용해서 더러워진 화이트보드를 닦자.
42	Please hand me that roll of clear tape on the desk. 	 책상 위에 있는 투명 테이프 한 롤만 건네줄래?
43	It takes patience and steady focus to assemble complicated puzzle pieces. 	 복잡한 퍼즐 조각들을 맞추려면 인내심과 꾸준한 집중력이 필요해.
44	I usually eat a bowl of warm oatmeal topped with fresh blueberries for breakfast. 	 아침으로 신선한 블루베리를 얹은 따뜻한 오트밀 한 그릇을 주로 먹어.
45	Always remember to unplug electrical appliances when they are not in active use. 	 가전제품을 사용하지 않을 때는 항상 플러그를 뽑아두는 것을 기억해.
46	Could you show me how to tie a firm knot that will not come loose? 	 풀리지 않는 단단한 매듭을 어떻게 묶는지 보여줄 수 있어?
47	Can you help me find the other half of this jigsaw puzzle? 	 이 직소 퍼즐의 나머지 반쪽 찾는 것 좀 도와줄래?
48	Can you show me the video that you took at the zoo yesterday? 	 어제 동물원에서 찍은 동영상 좀 보여줄래?
49	Can you help me move this heavy cardboard box to the storage room? 	 이 무거운 종이 상자를 창고로 옮기는 것 좀 도와줄래?
50	It is essential to maintain good posture while sitting at a study desk. 	 공부 책상에 앉아 있는 동안 바른 자세를 유지하는 것은 필수적이야.
51	I always wash my hands with warm water and soap before every single meal. 	 나는 매 식사 전에 항상 따뜻한 물과 비누로 손을 씻어.
52	Can you explain the main difference between solid, liquid, and gas? 	 고체, 액체, 기체의 주요 차이점을 설명해 줄 수 있어?
53	Can you hand me the remote control from the coffee table? 	 탁자 위에 있는 리모컨 좀 건네줄래?
54	It is important to conserve water by turning off the tap while brushing your teeth. 	 양치하는 동안 수도꼭지를 잠가서 물을 절약하는 것은 중요해.
55	Can you summarize the plot of this mystery book in just two sentences? 	 이 추리 소설의 줄거리를 딱 두 문장으로 요약해 줄 수 있어?
56	It smells so delicious in here; what are you baking in the oven? 	 여기 맛있는 냄새가 솔솔 나는데, 오븐에서 뭘 굽고 있는 거야?
57	Please remember to put your dirty dishes into the kitchen sink. 	 다 먹은 그릇은 싱크대에 갖다 놓는 거 잊지 마.
58	Let's organize our study desk neatly so we have plenty of working space. 	 공부 공간을 넓게 쓸 수 있도록 책상을 깔끔하게 정리하자.
59	I am going to buy a colorful phone case at the accessory shop. 	 액세서리 가게에서 알록달록한 휴대전화 케이스를 살 거야.
60	Can you recommend an easy and delicious breakfast recipe using eggs and toast? 	 달걀과 토스트로 만들 수 있는 쉽고 맛있는 아침 식사 요리법 추천해 줄래?
61	Could you tell me where the nearest recycling collection point is located? 	 가장 가까운 재활용품 수거 장소가 어디에 있는지 알려주실 수 있나요?
62	I was so pleased to receive positive comments on my creative drawing portfolio. 	 창의적인 그림 포트폴리오에 대해 좋은 평가를 받아서 정말 기뻤어.
63	I tried to explain my opinion clearly without interrupting my friend's sentence. 	 친구 말을 끊지 않고 내 의견을 명확하게 설명하려고 노력했어.
64	The old clock tower in the town square strikes every single hour. 	 마을 광장에 있는 낡은 시계탑은 매 정각마다 종을 쳐.
65	Let's review the new vocabulary words by creating interesting practice dialogues. 	 흥미로운 연습 대화를 만들어보면서 새로운 어휘 단어들을 복습하자.
66	We watched a fascinating documentary about marine life in the deep ocean. 	 우리는 심해의 해양 생물에 관한 흥미진진한 다큐멘터리를 시청했어.
67	Can you show me how to adjust the strap on this safety helmet? 	 이 안전 헬멧 끈 조절하는 법 좀 보여줄래?
68	Which ice cream flavor do you recommend at this shop? 	 이 가게에서 어떤 아이스크림 맛을 추천해?
69	I'm really looking forward to our family trip this summer. 	 이번 여름 우리 가족 여행이 정말 기대돼.
70	Let's make a nutritious fruit smoothie with fresh bananas and frozen berries. 	 신선한 바나나와 냉동 베리로 영양 가득한 과일 스무디를 만들어보자.
71	We discovered an interesting documentary about volcano eruptions around the world. 	 우리는 전 세계의 화산 폭발에 관한 흥미로운 다큐멘터리를 발견했어.
72	I decided to reduce my daily screen time and spend more time outdoors. 	 전자기기 화면 보는 시간을 줄이고 야외에서 더 많은 시간을 보내기로 결심했어.
73	Could you pass me that wooden ruler so I can draw a straight baseline? 	 반듯한 기준선을 그릴 수 있게 저 나무 자 좀 건네줄래?
74	It is polite to wait quietly until the speaker finishes talking in a discussion. 	 토론할 때 발표자가 말을 마칠 때까지 조용히 기다리는 것은 예의야.
75	I tried to write each sentence carefully to make my handwriting look neat. 	 글씨체를 단정하게 보이게 하려고 문장 하나하나를 정성껏 썼어.
76	Could you show me how to organize these digital files into labeled folders? 	 이 디지털 파일들을 이름이 붙은 폴더별로 정리하는 법 좀 보여줄래?
77	It is polite to listen quietly while someone else is speaking in the classroom. 	 교실에서 다른 사람이 말하고 있을 때는 조용히 경청하는 것이 예의야.
78	I need to change into comfortable clothes before we start playing. 	 우리 놀기 시작하기 전에 편한 옷으로 갈아입어야 해.
79	Let's try making homemade lemonade with fresh lemons and honey. 	 생레몬이랑 꿀로 집에서 직접 레모네이드를 만들어보자.
80	It is crucial to stay hydrated by drinking water during outdoor activities. 	 야외 활동을 하는 동안 물을 마셔 수분을 유지하는 것은 대단히 중요해.
81	Please double-check if you have placed all necessary documents inside your folder. 	 필요한 모든 서류를 서류철 안에 넣었는지 다시 한번 확인해 줘.
82	I accidentally spilled vegetable soup on my favorite white cotton shirt. 	 내가 가장 아끼는 흰색 면 셔츠에 실수로 야채수프를 쏟았어.
83	Where did you buy that cool glowing keychain on your backpack? 	 가방에 달린 멋진 야광 열쇠고리 어디서 샀어?
84	You should always wash raw fruits thoroughly under running water before eating. 	 생과일을 먹기 전에는 항상 흐르는 물에 깨끗이 씻어야 해.
85	Can you describe your favorite outdoor activity and explain why you enjoy it? 	 가장 좋아하는 야외 활동이 무엇인지 묘사하고 왜 그것을 즐기는지 설명해 줄 수 있어?
86	The government announced new policies to prevent severe air pollution in cities. 	 정부는 도시의 심각한 공기 오염을 예방하기 위한 새로운 정책을 발표했어.
87	I like reading comic books on the sofa on lazy weekend afternoons. 	 나른한 주말 오후에 소파에서 만화책 읽는 것을 좋아해.
88	Let's find out what time the local bakery opens on weekends. 	 동네 빵집이 주말에 몇 시에 여는지 확인해 보자.
89	Don't forget to set an alarm so that we can wake up early for the sunrise. 	 일출을 보기 위해 일찍 일어날 수 있도록 알람 맞추는 것을 잊지 마.
90	Let's take a family photograph to remember this special anniversary. 	 이 특별한 기념일을 기억하기 위해 가족사진을 찍자.
91	We should take lots of pictures while we are at the amusement park. 	 놀이공원에 있는 동안 사진 많이 찍어야 해.
92	I am curious to know how ancient people made paper without modern machines. 	 현대식 기계 없이 고대인들이 종이를 어떻게 만들었는지 정말 궁금해.
93	Let's go to the movie theater and watch the new superhero movie. 	 영화관 가서 새로 나온 슈퍼히어로 영화 보자.
94	I was thrilled to receive a positive comment on my creative writing assignment. 	 창작 글쓰기 과제에서 긍정적인 평가를 받아서 기분이 정말 좋았어.
95	We should protect the environment by reducing single-use plastic waste every day. 	 매일 일회용 플라스틱 쓰레기를 줄임으로써 환경을 보호해야 해.
96	I usually spend twenty minutes stretching my muscles before doing gymnastics. 	 나는 체조를 하기 전에 보통 20분 동안 근육 스트레칭을 해.
97	Let's make pancakes together for Sunday breakfast. 	 일요일 아침으로 팬케이크 같이 만들어 먹자.
98	It is wonderful to take a quiet walk through the pine forest after the rain. 	 비가 온 뒤 소나무 숲길을 따라 조용히 산책하는 것은 정말 상쾌해.
99	I always put on my helmet and knee pads before riding my scooter. 	 나는 킥보드를 타기 전에 항상 헬멧과 무릎 보호대를 착용해.
100	Let's prepare a simple snack with sliced cucumbers and cheddar cheese slices. 	 얇게 썬 오이와 체더치즈 조각으로 간단한 간식을 준비하자.
101	I like listening to upbeat music when I clean my room. 	 방 청소할 때 신나는 음악 듣는 걸 좋아해.
102	We watched a documentary about how marine biologists protect coral reefs. 	 해양 생물학자들이 산호초를 어떻게 보호하는지에 관한 다큐멘터리를 보았어.
103	Let's practice deep breathing techniques to stay calm before the big test. 	 큰 시험을 앞두고 마음을 진정시키기 위해 심호흡 기술을 연습하자.
104	Let's go to the supermarket and buy ingredients for tonight's curry. 	 오늘 저녁 카레에 넣을 재료 사러 마트에 가자.
105	Let's bake some homemade chocolate chip cookies this afternoon. 	 오늘 오후에 집에서 초코칩 쿠키를 구워보자.
106	Don't leave your wet umbrella on the wooden floor because it might damage it. 	 나무 바닥이 상할 수 있으니 젖은 우산을 바닥에 두지 마.
107	Can you show me how to calculate the perimeter of an irregular polygon? 	 불규칙한 다각형의 둘레를 어떻게 계산하는지 보여줄 수 있어?
108	Please describe your hometown in detail using three descriptive sentences. 	 세 개의 서술형 문장으로 네 고향에 대해 자세히 묘사해 줘.
109	How much does this box of chocolate cookies cost? 	 이 초콜릿 쿠키 한 상자에 얼마예요?
110	I always wear safety goggles when conducting science experiments in the lab. 	 실험실에서 과학 실험을 할 때는 항상 보안경을 착용해.
111	Please pay close attention to the traffic signals before crossing the intersection. 	 교차로를 건너기 전에 교통 신호에 각별히 주의를 기울여 줘.
112	Can you recommend a simple science experiment that we can try in the kitchen? 	 주방에서 간단히 해볼 수 있는 과학 실험 하나 추천해 줄래?
113	Can you show me the most convenient route to get to the art gallery? 	 미술관으로 가는 가장 편리한 경로를 알려줄 수 있어?
114	Let's brainstorm several creative ideas for our team presentation tomorrow. 	 내일 있을 조별 발표를 위해 몇 가지 창의적인 아이디어를 함께 모아보자.
115	I have a habit of making my bed right after I get up. 	 나는 아침에 일어나자마자 침대를 정돈하는 습관이 있어.
116	You should always apologize sincerely whenever you hurt someone by mistake. 	 실수로 누군가를 다치게 하거나 기분 상하게 했을 때는 항상 진심으로 사과해야 해.
117	Can you help me tie a sturdy knot to secure this camping tent? 	 이 캠핑 텐트를 단단히 고정할 수 있게 매듭 묶는 것 좀 도와줄래?
118	We learned that the sun provides essential light and warmth for all living things. 	 우리는 태양이 모든 생명체에게 필수적인 빛과 온기를 제공한다는 것을 배웠어.
119	Let's sit near the window so we can watch the rain fall outside. 	 창가 쪽에 앉아서 밖에 비 내리는 거 구경하자.
120	Let's make a playlist of our favorite songs for the road trip. 	 여행 갈 때 들을 우리가 좋아하는 노래 목록을 만들자.
121	Can you help me sort out these storybooks by genre and publication date? 	 이 이야기책들을 장르와 출판일별로 분류하는 것 좀 도와줄래?
122	Could you lower the blinds because the sunlight is too bright? 	 햇빛이 너무 눈부신데 블라인드 좀 내려줄래?
123	It is polite to hold the elevator door open when someone is approaching. 	 누군가 다가오고 있을 때 엘리베이터 문을 잡아주는 것은 예의 있는 행동이야.
124	Can you explain the difference between a solar eclipse and a lunar eclipse? 	 일식과 월식의 차이점을 설명해 줄 수 있어?
125	I spent the whole morning organizing my comic book collection. 	 오전 내내 만화책 모아둔 것들을 정리하며 보냈어.
126	Let's look up the weather forecast for this weekend before making plans. 	 계획을 세우기 전에 이번 주말 일기예보를 찾아보자.
127	I discovered an interesting fact about space while reading an encyclopedia. 	 백과사전을 읽다가 우주에 관한 흥미로운 사실 하나를 발견했어.
128	Let's take a five-minute break to stretch our legs and drink some water. 	 다리 스트레칭도 하고 물도 마실 겸 5분 동안 쉬자.
129	Can you help me sort these clean clothes into the proper drawers? 	 이 깨끗한 옷들을 알맞은 서랍에 정리하는 것 좀 도와줄래?
130	We must follow traffic rules strictly to ensure everyone stays completely safe. 	 모두의 안전을 지키기 위해 우리는 교통 법규를 엄격히 따라야 해.
131	We should pack some reusable water bottles instead of disposable plastic ones. 	 일회용 플라스틱병 대신 재사용 가능한 물병을 챙겨야 해.
132	We should save electricity by turning off appliances that are not in use. 	 사용하지 않는 가전제품의 전원을 꺼서 전기를 절약해야 해.
133	I always try to keep my workspace neat so I can concentrate on my projects. 	 과제에 온전히 집중할 수 있도록 내 작업 공간을 항상 깔끔하게 유지하려고 해.
134	We decided to prepare a healthy breakfast with oatmeal, fresh bananas, and walnuts. 	 우리는 오트밀, 신선한 바나나, 호두로 건강한 아침 식사를 준비하기로 했어.
135	I'm going to help set the dinner table with plates and spoons. 	 접시랑 숟가락을 놓으며 저녁 식탁 차리는 걸 도울게.
136	Could you help me organize these art supplies into their proper storage bins? 	 이 미술 준비물들을 알맞은 수납함에 정리하는 것 좀 도와줄래?
137	It is essential to wear a helmet to protect your head while riding a bicycle. 	 자전거를 탈 때는 머리를 보호하기 위해 헬멧을 착용하는 것이 필수적이야.
138	You should wash your hands thoroughly after playing in the dirt or sand. 	 흙이나 모래에서 놀고 난 후에는 반드시 손을 깨끗이 씻어야 해.
139	My phone screen is smudged, so I need to wipe it with a soft cloth. 	 스마트폰 화면에 지문이 많이 묻어서 부드러운 천으로 닦아야겠어.
140	You should dry your hands thoroughly with a clean towel after washing. 	 손을 씻은 후에는 깨끗한 수건으로 물기를 완전히 말려야 해.
141	My cat loves sleeping on the soft cushion near the window. 	 우리 고양이는 창문 옆 푹신한 쿠션 위에서 자는 걸 좋아해.
142	Let's grab some bite-sized snacks before we start watching the movie. 	 영화 보기 시작하기 전에 한입 크기 간식을 좀 챙기자.
143	Let's take a break and drink a glass of fresh orange juice on the terrace. 	 테라스에서 시원한 오렌지 주스 한 잔 마시며 잠깐 쉬자.
144	We observed the moon through a telescope and clearly saw its rocky craters. 	 망원경으로 달을 관찰하면서 울퉁불퉁한 분화구들을 선명하게 보았어.
145	Can you hold my jacket for a second while I tie my hair? 	 머리 묶는 동안 내 겉옷 잠깐만 들고 있어 줄래?
146	Let's prepare fresh fruit bowls with sliced kiwi, strawberries, and blueberries. 	 썬 키위, 딸기, 블루베리를 담은 신선한 과일 볼을 준비하자.
147	I accidentally stepped in a muddy puddle on the sidewalk. 	 보도블록에 있던 흙탕물 웅덩이를 실수로 밟았어.
148	Don't touch the electric iron while it is plugged in and heating up. 	 전원이 연결되어 달궈지고 있는 동안에는 다리미를 만지지 마.
149	Let's work together to assemble this miniature wooden bridge kit. 	 이 미니어처 나무 다리 조립 키트를 함께 완성해 보자.
150	You should wash your hands thoroughly after handling any stray animals. 	 유기 동물을 만진 후에는 반드시 손을 깨끗이 씻어야 해.
151	We decided to organize our bookshelf alphabetically according to author names. 	 우리는 책장을 작가 이름의 가나다순으로 정리하기로 했어.
152	I need to charge my portable gaming console before we leave. 	 우리 출발하기 전에 휴대용 게임기 충전해야 해.
153	Could you pass me that pair of scissors with the rounded safety tips? 	 끝이 둥근 안전 가위 좀 건네줄 수 있어?
154	It is essential to wear comfortable walking shoes when going on a long hike. 	 긴 등산을 갈 때는 발이 편한 보행화를 신는 것이 필수적이야.
155	We learned about the water cycle and how clouds produce natural rainfall. 	 우리는 물의 순환 과정과 구름이 자연 강우를 만들어내는 원리에 대해 배웠어.
156	Let's bake some delicious oatmeal raisin cookies together this weekend. 	 이번 주말에 맛있는 오트밀 건포도 쿠키를 함께 구워보자.
157	Could you teach me how to calculate the perimeter of a rectangle? 	 직사각형의 둘레를 구하는 방법을 알려줄 수 있어?
158	I accidentally spilled a little bit of cereal on the kitchen counter. 	 싱크대 조리대에 시리얼을 조금 쏟아버렸어.
159	Could you pass me that roll of sticky tape on the corner of the table? 	 탁자 구석에 있는 접착테이프 좀 건네줄 수 있어?
160	I received an invitation card to my cousin's birthday celebration next Saturday. 	 다음 주 토요일에 열리는 사촌의 생일 축하 파티 초대장을 받았어.
161	I feel energized and ready to start the day after a nutritious breakfast. 	 영양가 있는 아침 식사를 하고 나니 활력이 넘치고 하루를 시작할 준비가 되었어.
162	We observed different types of rocks and minerals in the geology laboratory. 	 우리는 지질학 실험실에서 여러 가지 종류의 암석과 광물을 관찰했어.
163	I prefer drinking warm milk with honey when I have a sore throat. 	 목이 아플 때는 꿀을 탄 따뜻한 우유를 마시는 걸 선호해.
164	I felt so proud of myself after finishing the ten-kilometer bicycle race. 	 10킬로미터 자전거 경주를 완주하고 나니 내 자신이 정말 자랑스러웠어.
165	I usually help carry the empty plates to the kitchen sink after dinner. 	 나는 저녁 식사 후 빈 그릇들을 싱크대로 옮기는 것을 보통 도와드려.
166	It is important to encourage your teammates even when they make silly mistakes. 	 팀원이 사소한 실수를 하더라도 서로 격려해 주는 것이 중요해.
167	We should protect our eyes by wearing sunglasses in bright sunny weather. 	 햇볕이 강한 날씨에는 선글라스를 착용하여 눈을 보호해야 해.
168	I like to listen to nature sounds when I want to fall asleep quickly. 	 빨리 잠들고 싶을 때는 자연의 소리를 듣는 걸 좋아해.
169	Can you hold this grocery bag while I look for my apartment key? 	 아파트 열쇠 찾는 동안 이 장바구니 좀 들고 있어 줄래?
170	I always check if all the gas burners are completely turned off before leaving. 	 나가기 전에 항상 모든 가스레인지 불이 완전히 꺼졌는지 확인해.
171	You should apologize sincerely if you hurt your friend's feelings by accident. 	 실수로 친구의 기분을 상하게 했다면 진심으로 사과해야 해.
172	I always put on lip balm when my lips feel dry and chapped. 	 입술이 건조하고 틀 때면 항상 립밤을 발라.
173	We worked collaboratively to build a miniature bridge out of wooden sticks. 	 우리는 나무 막대로 미니어처 다리를 만들기 위해 협동하여 작업했어.
174	I'm trying to decide between the blue shirt and the green one. 	 파란색 셔츠랑 초록색 셔츠 중에 고민하고 있어.
175	I learned that regular stretching improves flexibility and prevents physical injury. 	 규칙적인 스트레칭이 유연성을 길러주고 부상을 예방한다는 것을 배웠어.
176	We should pack some sandwiches and apple slices for our picnic. 	 소풍 갈 때 먹을 샌드위치랑 썰어둔 사과를 좀 챙겨야겠어.
177	We should support local farmers by buying freshly harvested seasonal fruits. 	 갓 수확한 제철 과일을 구매함으로써 지역 농부들을 도와야 해.
178	We must respect people with different cultural backgrounds and perspectives. 	 우리는 다양한 문화적 배경과 관점을 가진 사람들을 존중해야 해.
179	I always carry an extra pencil and an eraser in my small stationery pouch. 	 나는 항상 작은 필통에 여분의 연필과 지우개를 챙겨 다녀.
180	I am eager to improve my swimming skills during the upcoming summer vacation. 	 이번 여름방학 동안 수영 실력을 꼭 향상시키고 싶어.
181	Let's clean out the refrigerator and throw away any expired food products. 	 냉장고를 정리하고 유통기한이 지난 음식물들을 버리자.
182	Let's make sure our shoelaces are firmly double-knotted before starting the relay race. 	 이어달리기 경주를 시작하기 전에 신발 끈을 두 번 단단히 묶었는지 확인하자.
183	Let's share a large tub of butter popcorn during the movie. 	 영화 보는 동안 대용량 버터 팝콘 한 통 같이 나눠 먹자.
184	Let's check out the new comic books that arrived at the local bookstore. 	 동네 서점에 새로 들어온 만화책들 구경하러 가자.
185	Do you prefer eating sweet snacks or salty snacks? 	 달콤한 간식을 더 좋아해, 짭짤한 간식을 더 좋아해?
186	We decided to collect old storybooks and donate them to the community center. 	 우리는 헌 동화책들을 모아서 주민센터에 기부하기로 결정했어.
187	Can you help me carry this heavy cardboard carton to the storage cupboard? 	 이 무거운 종이 상자를 수납 창고로 옮기는 것 좀 도와줄래?
188	We ran out of milk, so we need to buy some at the supermarket. 	 우유가 다 떨어져서 마트에서 좀 사 와야 해.
189	I love walking in the autumn breeze when the leaves change colors. 	 나뭇잎 색이 변할 때 가을바람 맞으며 걷는 걸 좋아해.
190	I was thrilled to receive a positive remark on my creative science model. 	 내가 만든 창의적인 과학 모형에 대해 긍정적인 평가를 받아서 정말 기뻤어.
191	You should always apologize sincerely when you hurt someone's feelings by accident. 	 실수로 다른 사람의 기분을 상하게 했을 때는 항상 진심으로 사과해야 해.
192	I always wash my face and brush my teeth right after waking up. 	 나는 아침에 일어나자마자 항상 세수를 하고 이를 닦아.
193	Please remember to lower your voice when studying inside the reading room. 	 열람실 안에서 공부할 때는 목소리를 낮춰야 한다는 점을 꼭 기억해.
194	I'm going to practice my drum beats for thirty minutes today. 	 오늘 30분 동안 드럼 박자 연습을 할 거야.
195	I am curious to learn how electric cars convert battery power into motion. 	 전기차가 배터리 전력을 어떻게 운동 에너지로 변환하는지 정말 궁금해.
196	Let's take a short break to rest our eyes after staring at the screen for an hour. 	 한 시간 동안 화면을 본 후에는 눈을 쉬게 하기 위해 잠깐 휴식을 취하자.
197	Can you describe the appearance of the missing pet dog to the security guard? 	 경비원 아저씨께 잃어버린 반려견의 생김새를 설명해 줄 수 있어?
198	It takes a lot of regular practice and patience to master a musical instrument. 	 악기를 완벽히 다루기 위해서는 많은 규칙적인 연습과 인내심이 필요해.
199	Let's calculate the total cost of the groceries before approaching the cashier. 	 계산대로 가기 전에 식료품의 총비용을 먼저 계산해 보자.
200	Let's bake some blueberry muffins together this Saturday morning. 	 이번 토요일 아침에 블루베리 머핀 같이 구워보자.
201	Let's prepare a simple fruit salad using freshly sliced apples and grapes. 	 갓 썬 사과와 청포도로 간단한 과일 샐러드를 만들어보자.
202	Always remember to unplug unused electrical chargers to save energy. 	 에너지를 절약하기 위해 사용하지 않는 전기 충전기는 항상 플러그를 뽑아 둬.
203	We must strictly follow all laboratory safety guidelines to avoid accidents. 	 사고를 방지하기 위해 우리는 모든 실험실 안전 수칙을 엄격히 따라야 해.
204	Please make sure all the windows are closed before leaving the house. 	 집을 나서기 전에 모든 창문이 닫혔는지 꼭 확인해 줘.
205	I want to try that new strawberry smoothie at the bakery. 	 베이커리에서 새로 나온 딸기 스무디 한번 마셔보고 싶어.
206	I'm going to take the dog for a walk around the neighborhood. 	 동네 한 바퀴 돌며 강아지 산책시키고 올게.
207	Let's practice passing the ball back and forth before the football game begins. 	 축구 경기가 시작되기 전에 공을 주고받는 패스 연습을 하자.
208	Let's make a plan for all the fun activities we want to do tomorrow. 	 내일 하고 싶은 재미있는 활동들에 대해 계획을 세워보자.
209	We made a refreshing citrus drink by squeezing fresh lemons and limes. 	 우리는 생레몬과 라임을 직접 짜서 상큼한 감귤 음료를 만들었어.
210	The local government decided to build a modern playground for young children. 	 지방 정부는 어린아이들을 위해 현대식 놀이터를 짓기로 결정했어.
211	The local library provides a comfortable study environment with free internet access. 	 지역 도서관은 무료 인터넷을 갖춘 쾌적한 학습 환경을 제공해.
212	I spilled some juice on the rug, so I need a paper towel. 	 카펫에 주스를 좀 쏟아서 키친타월이 필요해.
213	Let's make a handmade birthday card with colorful markers and stickers. 	 알록달록한 사인펜과 스티커로 직접 손수 만든 생일 카드를 만들자.
214	I was surprised to discover how fast bamboo plants can grow each day. 	 대나무가 하루에 얼마나 빨리 자랄 수 있는지 알고 나서 깜짝 놀랐어.
215	I'm going to wash my sneakers because they got dirty at the park. 	 공원에서 더러워진 운동화를 빨려고 해.
216	It is polite to say excuse me when passing through a crowded hallway. 	 혼잡한 복도를 지나갈 때는 '실례합니다'라고 말하는 것이 예의야.
217	I decided to write in my daily journal for ten minutes every evening. 	 매일 저녁 10분 동안 일기를 쓰기로 결심했어.
218	The science instructor demonstrated how vinegar reacts with baking soda. 	 과학 선생님께서 식초가 베이킹소다와 어떻게 반응하는지 시연해 주셨어.
219	I had a really fun and productive day with my friends today. 	 오늘 친구들과 정말 즐겁고 알찬 하루를 보냈어.
220	My shoelaces came untied, so I need to tie them again. 	 신발 끈이 풀려서 다시 묶어야 해.
221	I am really excited about experiencing zero gravity at the space simulator. 	 우주 시뮬레이터에서 무중력 상태를 체험하게 되어 정말 기대돼.
222	Could you pass me the pair of safety scissors from the top shelf? 	 맨 위 선반에 있는 안전 가위 좀 건네줄래?
223	I'm going to put my phone on "Do Not Disturb" mode while I study. 	 공부하는 동안에는 휴대전화를 '방해 금지' 모드로 둘 거야.
224	Could you explain the proper way to measure baking ingredients with measuring cups? 	 계량컵으로 베이킹 재료를 올바르게 계량하는 법을 설명해 줄 수 있어?
225	We decided to collect old storybooks and donate them to the children's hospital. 	 우리는 오래된 동화책들을 모아서 어린이 병원에 기부하기로 했어.
226	Could you tell me where the nearest subway station is? 	 가장 가까운 지하철역이 어디인지 알려주실 수 있나요?
227	I usually eat a slice of whole-grain toast with peanut butter for breakfast. 	 나는 보통 아침으로 땅콩버터를 바른 통곡물 토스트 한 조각을 먹어.
228	It is polite to listen attentively when someone is sharing their personal experience. 	 누군가가 자신의 경험을 이야기할 때는 주의 깊게 듣는 것이 예의야.
229	I usually set a timer on my smartphone to stay focused while doing homework. 	 숙제할 때 집중하기 위해 스마트폰에 타이머를 맞춰두곤 해.
230	I always try to remain calm and focused during important examinations. 	 나는 중요한 시험을 치르는 동안 항상 침착하고 집중된 상태를 유지하려고 해.
231	It's getting chilly outside, so you should put on a light jacket. 	 밖이 쌀쌀해지고 있으니까 얇은 겉옷 챙겨 입어.
232	I need to replace the dead batteries in the wall clock. 	 벽시계에 다 닳은 건전지를 갈아 끼워야 해.
233	You should always listen attentively when someone is sharing their story. 	 누군가가 자신의 이야기를 나누고 있을 때는 항상 주의 깊게 경청해야 해.
234	Can you help me move these empty cardboard boxes to the recycling area? 	 이 빈 종이 상자들을 재활용 분리수거장으로 옮기는 것 좀 도와줄래?
235	Always speak with kindness and consideration when sharing your thoughts online. 	 온라인에서 의견을 나눌 때는 항상 친절하고 배려 깊은 태도로 말해야 해.
236	I like to listen to the gentle sound of raindrops while resting indoors. 	 실내에서 쉴 때 잔잔하게 내리는 빗소리를 듣는 것을 좋아해.
237	Let's find a shaded bench to sit on because the sun is too strong. 	 햇볕이 너무 강하니까 그늘진 벤치를 찾아서 앉자.
238	I'm trying to save my pocket money to buy a new pair of roller skates. 	 새 롤러스케이트를 사려고 용돈을 모으는 중이야.
239	What do you want to eat for dinner tonight? 	 오늘 저녁으로 뭐 먹고 싶어?
240	The historical museum displays various artifacts from ancient civilizations. 	 그 역사 박물관은 고대 문명에서 나온 다양한 유물들을 전시하고 있어.
241	I am determined to read at least twenty pages of my book every evening. 	 매일 저녁 책을 적어도 20쪽씩 읽기로 다짐했어.
242	We should encourage healthy eating habits by choosing whole fruits over sweets. 	 단 과자 대신 생과일을 선택함으로써 건강한 식습관을 기르는 것이 좋아.
243	Let's build a tall tower using these colorful wooden blocks. 	 이 알록달록한 나무 블록으로 높은 탑을 쌓아보자.
244	I try to maintain an upright posture while working on my school tablet. 	 학습용 태블릿을 사용할 때는 항상 바른 자세를 유지하려고 해.
245	Can I have a sip of your lemonade to see how sour it is? 	 얼마나 신지 보게 네 레모네이드 한 모금만 마셔봐도 돼?
246	Don't forget to blow on your soup before eating so you don't burn your tongue. 	 혀 데이지 않게 먹기 전에 국물 후후 불어서 먹는 거 잊지 마.
247	It takes continuous practice and patience to master basic swimming strokes. 	 기본적인 수영 영법을 익히려면 끊임없는 연습과 인내심이 필요해.
248	Could you pass me that green folder containing the science project handouts? 	 과학 과제 유인물이 들어 있는 저 초록색 서류철 좀 건네줄래?
249	Can we go to the pet shop to see the cute puppies? 	 귀여운 강아지들 구경하러 펫숍에 가볼 수 있을까?
250	It is essential to wear proper hiking boots to prevent slipping on rocky paths. 	 바위투성이 길에서 미끄러지는 것을 방지하려면 적절한 등산화를 신는 것이 필수적이야.
251	Could you help me look for my missing drawing sketchbook under the desk? 	 책상 아래에서 없어진 드로잉 스케치북 찾는 것 좀 도와줄래?
252	Don't forget to pack an extra sweater because the temperature drops rapidly at night. 	 밤에는 기온이 급격히 떨어지니까 여벌 스웨터 챙기는 거 잊지 마.
253	I made a delicious cheese omelet for breakfast this morning. 	 오늘 아침으로 맛있는 치즈 오믈렛을 만들었어.
254	I accidentally knocked over my water bottle, but luckily the cap was closed. 	 실수로 물병을 넘어뜨렸지만 다행히 뚜껑이 닫혀 있었어.
255	I have a dentist appointment this Thursday for a regular checkup. 	 이번 주 목요일에 정기 검진받으러 치과 예약이 있어.
256	We should support our local farmers by purchasing seasonal agricultural produce. 	 우리는 제철 농산물을 구매함으로써 지역 농부들을 지원해야 해.
257	Scientists predict that renewable energy will replace fossil fuels in the future. 	 과학자들은 미래에 재생 에너지가 화석 연료를 대체할 것이라고 예측해.
258	Please make sure that your seatbelt is securely fastened before the bus departs. 	 버스가 출발하기 전에 안전벨트가 단단히 매여 있는지 확인해 줘.
259	Let's review today's English vocabulary words by making fun practice sentences. 	 재미있는 연습 문장을 만들어보며 오늘 배운 영어 단어들을 복습하자.
260	It is polite to wait in line patiently until it is your turn to enter. 	 입장할 차례가 될 때까지 줄을 서서 얌전히 기다리는 것이 예의야.
261	We should double-check the opening hours before heading to the museum. 	 박물관으로 출발하기 전에 운영 시간을 다시 한번 확인해야 해.
262	I made a delicious fruit smoothie with bananas, strawberries, and yogurt. 	 바나나, 딸기, 요거트로 맛있는 과일 스무디를 만들었어.
263	Could you help me look for my missing gym shoes in the shoe rack? 	 신발장에서 없어진 내 체육관용 운동화 찾는 것 좀 도와줄래?
264	It is important to treat everyone with respect regardless of their background. 	 배경에 상관없이 모든 사람을 존중하는 태도로 대하는 것은 중요해.
265	I'm going to ride the swings at the playground for a while. 	 놀이터에서 그네를 잠깐 타고 올게.
266	Can you help me carry these grocery bags into the kitchen? 	 이 장바구니들을 주방으로 옮기는 것 좀 도와줄래?
267	We should encourage our classmates whenever they feel nervous about public speaking. 	 반 친구들이 대중 발표 때문에 긴장할 때마다 우리는 서로를 응원해 주어야 해.
268	I felt very excited when I saw the shooting star across the clear night sky. 	 맑은 밤하늘을 가로지르는 유성을 보았을 때 정말 신나고 짜릿했어.
269	It is important to wash cutting boards thoroughly after preparing raw food. 	 날음식을 손질한 후에는 도마를 깨끗하게 씻는 것이 중요해.
270	Let's gather all the recyclable waste and place it in the correct containers. 	 모든 재활용 쓰레기를 모아서 올바른 분리수거함에 넣자.
271	I need to replace my damaged bicycle helmet with a brand-new, sturdy one. 	 손상된 자전거 헬멧을 튼튼한 새 제품으로 교체해야 해.
272	Don't leave perishable dairy products on the kitchen counter for too long. 	 상하기 쉬운 유제품을 부엌 조리대에 너무 오래 방치하지 마.
273	It takes regular practice and patience to master basic swimming techniques. 	 기본적인 수영 기술을 익히려면 꾸준한 연습과 인내심이 필요해.
274	I always review my mistakes on previous tests so I don't repeat them. 	 같은 실수를 반복하지 않기 위해 이전 시험에서 틀린 문제들을 항상 복습해.
275	You need to keep raw meat separate from fresh vegetables in the refrigerator. 	 냉장고 안에서 날고기는 신선한 채소와 분리해서 보관해야 해.
276	Could you recommend a healthy recipe that we can make together at home? 	 집에서 함께 만들어볼 만한 건강한 요리법 하나 추천해 줄래?
277	I need to find my library card before going to the public library. 	 시립 도서관 가기 전에 대출증부터 찾아야 해.
278	I am planning to participate in the local environment cleanup campaign. 	 나는 지역 환경 정화 캠페인에 참여할 계획이야.
279	Let's take a short rest on this bench and drink some juice. 	 이 벤치에서 잠깐 쉬면서 주스 좀 마시자.
280	It is important to treat all living creatures with kindness and care. 	 모든 살아있는 생명체를 친절과 배려로 대하는 것은 중요해.
281	Can you help me sort out these old clothes to donate to charity? 	 자선 단체에 기부할 이 헌 옷들을 분류하는 것 좀 도와줄래?
282	Let's make a shopping list together before heading out to the grocery market. 	 식료품 시장으로 출발하기 전에 장보기 목록을 같이 작성하자.
283	Please turn off the bathroom light and close the door when you leave. 	 나올 때 욕실 불을 끄고 문을 닫아줘.
284	I need to take a quick shower because I'm all sweaty from exercising. 	 운동해서 땀이 많이 났으니까 얼른 샤워해야겠어.
285	Setting clear daily goals helps you stay motivated and achieve great results. 	 명확한 하루 목표를 세우는 것은 동기를 유지하고 훌륭한 결과를 얻는 데 도움이 돼.
286	We should encourage each other when facing difficult challenges or tests. 	 어려운 도전이나 시험에 직면했을 때 우리는 서로를 격려해야 해.
287	Could you show me how to solve this difficult mathematical equation? 	 이 어려운 수학 방정식을 어떻게 푸는지 보여줄 수 있어?
288	I'm helping my dad wash the car in the driveway. 	 집 앞 진입로에서 아빠 세차하시는 걸 돕고 있어.
289	Can you help me measure the dimensions of this cardboard storage box? 	 이 종이 수납 상자의 크기 치수를 재는 것 좀 도와줄래?
290	I decided to reduce my daily sugar intake for better overall health. 	 전반적인 건강 증진을 위해 하루 당분 섭취량을 줄이기로 결심했어.
291	Proper time management allows you to finish your homework without rushing. 	 올바른 시간 관리는 서두르지 않고 숙제를 끝마칠 수 있게 해줘.
292	We worked together as a team and finished planting flower seeds in the garden. 	 우리는 팀으로 함께 협동해서 정원에 꽃씨 심는 일을 끝마쳤어.
293	I made sure to double-check my mathematical calculations to avoid errors. 	 실수를 방지하기 위해 수학 계산을 다시 한번 꼼꼼히 확인했어.
294	The teacher distributed informative brochures regarding the upcoming museum excursion. 	 선생님께서 다가오는 박물관 견학에 관한 유익한 안내 책자를 나누어 주셨어.
295	I love walking along the pine tree trail right after a light rain. 	 가벼운 비가 내린 직후에 소나무 숲길을 따라 걷는 것을 정말 좋아해.
296	Let's make sure our bicycles are in good condition before going on a ride. 	 자전거를 타러 가기 전에 자전거 상태가 좋은지 먼저 확인하자.
297	I like to listen to gentle classical music while sketching landscapes in my notebook. 	 공책에 풍경화를 스케치하면서 잔잔한 클래식 음악을 듣는 것을 좋아해.
298	Don't forget to pack a portable power bank for our day trip. 	 당일치기 여행 갈 때 보조배터리 챙기는 거 잊지 마.
299	Let's sort the recycling into plastic, paper, and glass bins. 	 재활용품을 플라스틱, 종이, 유리 수거함으로 분리하자.
300	I feel energetic and ready to study after having a balanced, healthy meal. 	 균형 잡힌 건강한 식사를 하고 나니 활력이 넘치고 공부할 준비가 되었어.
301	Always keep your personal information completely private on the internet. 	 인터넷상에서는 항상 개인 정보를 철저하게 비공개로 유지해.
302	Please wipe down your desk with a clean cloth before starting your homework. 	 숙제를 시작하기 전에 깨끗한 천으로 책상을 닦아줘.
303	I managed to solve the complicated geometry problem after thinking for hours. 	 몇 시간 동안 고민한 끝에 마침내 그 복잡한 기하학 문제를 해결해 냈어.
304	I'm practicing juggling three soft tennis balls in the living room. 	 거실에서 부드러운 테니스공 3개로 저글링을 연습하고 있어.
305	Which board game takes less time to finish playing? 	 어떤 보드게임이 플레이 시간이 더 짧게 걸려?
306	I am trying to finish reading this mystery novel before the weekend ends. 	 주말이 끝나기 전에 이 추리 소설을 다 읽으려고 해.
307	I prefer drinking plain cold water rather than sweet juice when I'm thirsty. 	 나는 목이 마를 때 달콤한 주스보다 시원한 생수를 마시는 편이야.
308	I was deeply impressed by the traditional instruments at the cultural festival. 	 문화 축제에서 본 전통 악기들에 깊은 인상을 받았어.
309	Please make sure that your helmet strap is fastened snugly under your chin. 	 헬멧 턱끈이 턱 아래에 딱 맞게 조여졌는지 꼭 확인해 줘.
310	It is crucial to drink sufficient amounts of water after vigorous exercise. 	 격렬한 운동을 한 후에는 충분한 양의 물을 마시는 것이 대단히 중요해.
311	It takes lots of patience and constant practice to play a violin well. 	 바이올린을 잘 연주하려면 많은 인내심과 끊임없는 연습이 필요해.
312	Can you explain why the moon appears to change its shape every single night? 	 달의 모양이 매일 밤 왜 바뀌어 보이는지 설명해 줄 수 있어?
313	Could you show me how to adjust the strap length on this lightweight backpack? 	 이 가벼운 배낭의 끈 길이를 어떻게 조절하는지 보여줄래?
314	What kind of board game do you want to play this afternoon? 	 오늘 오후에 어떤 보드게임 하고 싶어?
315	I am really curious about how modern airplanes fly through severe turbulence. 	 현대 비행기가 심한 난기류를 뚫고 어떻게 비행하는지 정말 궁금해.
316	I'm going to visit my grandparents' house this coming weekend. 	 이번 다가오는 주말에 조부모님 댁에 방문할 예정이야.
317	Could you remind me to return these borrowed books before the due date? 	 반납 기한 전에 이 빌린 책들을 반납하라고 나한테 다시 알려줄래?
318	Let's make some hot chocolate because it's freezing outside. 	 밖이 너무 추우니까 핫초코 만들어 마시자.
319	Could you double-check the departure time printed on our train tickets? 	 기차표에 인쇄된 출발 시간을 다시 한번 확인해 줄 수 있어?
320	I usually brush my teeth right after finishing my meal. 	 나는 보통 밥을 다 먹고 나면 바로 양치를 해.
321	Eating fresh fruits and vegetables is very beneficial for our immune system. 	 신선한 과일과 채소를 섭취하는 것은 우리의 면역 체계에 매우 유익해.
322	You should always wear bright clothes or reflectors when walking at night. 	 밤에 걸어 다닐 때는 항상 밝은 옷이나 반사판을 착용해야 해.
323	I always make my bed neatly right after I wake up in the morning. 	 나는 아침에 일어나자마자 항상 침대를 깔끔하게 정돈해.
324	It is polite to hold the elevator door open when someone is rushing inside. 	 누군가 급하게 뛰어올 때 엘리베이터 문을 잡아주는 것은 예의 바른 행동이야.
325	Let's research different marine animals and create an interesting presentation slide. 	 다양한 해양 동물을 조사해서 흥미로운 발표 슬라이드를 만들어보자.
326	We should encourage each other whenever we participate in sports matches. 	 스포츠 경기에 참여할 때마다 우리는 서로를 응원하고 격려해야 해.
327	Let's go buy some stickers and notebooks at the gift shop. 	 소품 숍에 가서 스티커랑 공책 좀 사자.
328	I usually spend fifteen minutes organizing my bedroom before going to bed. 	 나는 보통 잠자리에 들기 전에 15분 동안 방을 정리해.
329	Is there any good movie to stream on the TV tonight? 	 오늘 밤 TV에서 볼 만한 좋은 영화 있어?
330	I tried to memorize the entire dialogue for the upcoming English drama contest. 	 다가오는 영어 연극 대회를 위해 전체 대사를 외우려고 노력했어.
331	I learned that regular physical exercise keeps our bones and muscles strong. 	 규칙적인 신체 운동이 우리의 뼈와 근육을 튼튼하게 유지해 준다는 것을 배웠어.
332	I am curious about the technological inventions of ancient civilizations. 	 고대 문명의 기술적 발명품들에 대해 호기심이 생겨.
333	Let's write a thoughtful thank-you letter to our grandparents this weekend. 	 이번 주말에 조부모님께 정성 가득한 감사 편지를 써보자.
334	I managed to finish my math assignment thirty minutes ahead of schedule. 	 예정된 시간보다 30분 일찍 수학 숙제를 끝마쳤어.
335	I was amazed by the detailed illustrations in the historical architecture book. 	 역사 건축 서적에 실린 정교한 삽화들을 보고 감탄했어.
336	I am determined to improve my English speaking skills by practicing every single day. 	 매일 연습해서 영어 말하기 실력을 향상시키겠다고 다짐했어.
337	Let's take a short five-minute break to rest our eyes and stretch our arms. 	 눈의 피로를 풀고 팔 스트레칭도 할 겸 5분 동안 잠깐 쉬자.
338	Let's arrange our study desks neatly so that we have plenty of working space. 	 작업 공간을 넓게 쓸 수 있도록 공부 책상을 깔끔하게 정리하자.
339	Could you pass me the pair of kitchen tongs so I can turn the toast over? 	 토스트를 뒤집을 수 있게 주방 집게 좀 건네줄래?
340	You should develop a habit of organizing your schedule on a weekly calendar. 	 주간 달력에 일정을 정리하는 습관을 기르는 것이 좋아.
341	I prefer drinking iced green tea rather than hot tea during summer. 	 여름에는 따뜻한 차보다 시원한 녹차를 마시는 편이야.
342	Which ice cream topping do you want, crushed nuts or sprinkles? 	 견과류 가루랑 스프링클 중에 어떤 아이스크림 토핑을 원해?
343	Don't forget to turn off the faucet tightly so it doesn't drip. 	 물이 떨어지지 않게 수도꼭지 꼭 잠그는 거 잊지 마.
344	I love putting extra whipped cream on my iced chocolate drink. 	 나는 아이스 초코 음료에 휘핑크림을 듬뿍 올려 먹는 걸 좋아해.
345	I am very curious about how solar panels generate electricity from sunlight. 	 태양광 패널이 햇빛으로부터 전기를 어떻게 만들어내는지 정말 궁금해.
346	Please double-check your backpack to make sure you have your pencil case. 	 필통을 챙겼는지 확인하기 위해 가방을 다시 한번 점검해 줘.
347	Let's ride our scooters down to the community playground. 	 킥보드 타고 동네 놀이터로 내려가자.
348	We observed various species of migratory birds at the wetland reserve. 	 우리는 습지 보호구역에서 다양한 종류의 철새들을 관찰했어.
349	Let's check if the bicycle tires have enough air before going for a ride. 	 자전거를 타러 가기 전에 타이어에 공기가 충분한지 확인해 보자.
350	Let's double-check all the departure details before heading to the train station. 	 기차역으로 향하기 전에 모든 출발 세부 사항을 다시 한번 확인하자.
351	Can you help me find the matching pair for this wool sock? 	 이 양말의 짝을 찾는 것 좀 도와줄 수 있어?
352	I'm going to make some buttered toast and scrambled eggs for lunch. 	 점심으로 버터 바른 토스트랑 스크램블드에그를 만들 거야.
353	Let's try making homemade fruit jam using fresh strawberries and sugar. 	 신선한 딸기와 설탕으로 집에서 직접 과일잼을 만들어보자.
354	I made a delicious fruit smoothie with ripe bananas, frozen berries, and milk. 	 잘 익은 바나나, 냉동 베리, 우유로 맛있는 과일 스무디를 만들었어.
355	I am extremely proud of my younger sister for winning the art award. 	 미술상을 수상한 여동생이 정말 자랑스러워.
356	You should always wash your hands thoroughly with soap before preparing any food. 	 음식을 준비하기 전에는 항상 비누로 손을 깨끗이 씻어야 해.
357	We should treat public library books carefully so other people can enjoy them too. 	 다른 사람들도 즐겁게 읽을 수 있도록 공공 도서관 책은 소중히 다뤄야 해.
358	Don't forget to wear a warm scarf because the wind is freezing outside. 	 밖의 바람이 몹시 차가우니 따뜻한 목도리를 두르는 것을 잊지 마.
359	Let's check the movie schedule to see which animated films are currently showing. 	 현재 어떤 애니메이션 영화가 상영 중인지 영화 시간표를 확인해 보자.
360	I accidentally spilled my glass of apple juice, but I cleaned it up immediately. 	 사과주스를 실수로 쏟았지만 즉시 깨끗하게 닦아냈어.
361	Don't leave perishable food items sitting outside on hot summer days. 	 무더운 여름날에는 상하기 쉬운 음식을 바깥에 방치해 두지 마.
362	I like eating crunchy toast with melted cheddar cheese on top. 	 구운 바삭한 토스트 위에 녹인 체더치즈를 얹어 먹는 걸 좋아해.
363	I'm going to help my mom fold the bed sheets and pillowcases. 	 엄마를 도와 침대 시트와 베갯잇 개는 걸 도울게.
364	It is important to set realistic daily goals so you stay motivated throughout the week. 	 일주일 내내 동기를 유지하려면 현실적인 하루 목표를 세우는 것이 중요해.
365	Can you help me set the table with plates, forks, and spoons? 	 접시, 포크, 숟가락을 놓아서 식탁 차리는 것 좀 도와줄래?
366	Our team showed great cooperation throughout the entire robotics competition. 	 우리 팀은 로봇 경진대회 내내 훌륭한 협동심을 보여주었어.
367	Don't hesitate to ask questions if you don't understand the teacher's explanation. 	 선생님의 설명을 이해하지 못했다면 주저하지 말고 질문해.
368	Can you hold the elevator door for me, please? 	 엘리베이터 문 좀 잡아주실 수 있나요?
369	Can you help me sort out these plastic bottles for recycling? 	 이 플라스틱병들을 재활용하기 위해 분류하는 것 좀 도와줄래?
370	Please wipe your shoes on the doormat before stepping inside the living room. 	 거실 안으로 발을 들이기 전에 현관 발매트에 신발을 털어줘.
371	You need to adjust the seat height of your bicycle for maximum riding comfort. 	 승차감을 최대한 편안하게 하려면 자전거 안장 높이를 조절해야 해.
372	Could you pass me that small pair of safety scissors from the shelf? 	 선반에 있는 저 작은 안전 가위 좀 건네줄 수 있어?
373	Eating various vegetables provides our bodies with necessary minerals and vitamins. 	 다양한 채소를 섭취하는 것은 우리 몸에 필요한 미네랄과 비타민을 공급해 줘.
374	Can you teach me how to tie a firm knot that will hold this tent rope? 	 이 텐트 로프를 단단하게 고정할 매듭 묶는 법을 가르쳐줄 수 있어?
375	I am really interested in learning about how solar energy powers modern homes. 	 태양 에너지가 현대 주택에 어떻게 전력을 공급하는지 배우는 데 관심이 많아.
376	I love listening to the calming sound of falling rain while reading in bed. 	 침대에서 책을 읽으며 차분하게 내리는 빗소리를 듣는 것을 정말 좋아해.
377	We need to buy more batteries for the wireless gaming controller. 	 무선 게임 패드에 넣을 건전지를 더 사야 해.
378	We should support local craft markets by choosing handmade items over plastic goods. 	 플라스틱 제품 대신 수공예품을 선택하여 지역 공예 시장을 도와야 해.
379	I always keep my study table clutter-free to help me concentrate much better. 	 훨씬 더 집중이 잘되도록 공부 책상 위를 항상 깔끔하게 유지해.
380	Regular exercise contributes greatly to both physical and mental well-being. 	 규칙적인 운동은 신체적 건강과 정신적 건강 모두에 크게 기여해.
381	I always check my backpack twice before leaving the house. 	 나는 집을 나서기 전에 항상 가방을 두 번씩 확인해.
382	It is important to treat all animals with gentleness and sincere respect. 	 모든 동물을 온화하고 진심 어린 존중으로 대하는 것은 중요해.
383	Don't leave perishable food items sitting outside on hot sunny afternoons. 	 햇볕이 뜨거운 오후에는 상하기 쉬운 음식을 바깥에 내버려 두지 마.
384	Let's build a cozy blanket fort in the living room tonight. 	 오늘 밤 거실에 아늑한 담요 요새를 만들어보자.
385	Please check if all the gas valves are tightly closed before going to sleep. 	 잠자리에 들기 전에 모든 가스 밸브가 꼭 잠겼는지 확인해 줘.
386	I always try to maintain good posture while sitting at my computer desk. 	 컴퓨터 책상에 앉아 있는 동안에는 항상 바른 자세를 유지하려고 해.
387	Let's search online to find out the opening hours of the public library. 	 공공 도서관 운영 시간을 확인하기 위해 인터넷으로 검색해 보자.
388	I am very curious about how ancient builders constructed the massive pyramids. 	 고대 건축가들이 거대한 피라미드를 어떻게 지었는지 정말 궁금해.
389	Let's clean the dirty bicycle wheels with a wet sponge and soapy water. 	 젖은 스펀지와 비눗물로 더러워진 자전거 바퀴를 닦자.
390	Let's practice passing the basketball back and forth before the team match. 	 팀 경기가 시작되기 전에 농구공을 주고받는 패스 연습을 하자.
391	I like dipping my French fries into honey mustard sauce. 	 나는 감자튀김을 허니 머스터드 소스에 찍어 먹는 걸 좋아해.
392	I'm going to practice my basketball free throws at the neighborhood court. 	 동네 농구장에서 자유투 연습을 좀 할 거야.
393	I accidentally dropped my scoop of ice cream on the sidewalk. 	 실수로 인도에 아이스크림 한 스쿱을 떨어뜨렸어.
394	It is polite to hold the door open when someone carries heavy boxes. 	 누군가 무거운 상자를 들고 있을 때 문을 잡아주는 것은 예의 있는 행동이야.
395	Let's order some fried chicken and fries for a late-night snack. 	 야식으로 프라이드치킨이랑 감자튀김 시켜 먹자.
396	I always carry a mini hand sanitizer in my backpack. 	 나는 항상 가방에 휴대용 손소독제를 넣고 다녀.
397	I was really impressed by the talented street musicians performing in the park. 	 공원에서 공연하는 재능 있는 거리 음악가들을 보고 깊은 인상을 받았어.
398	We need to collect enough evidence before drawing a definite conclusion. 	 확실한 결론을 도출하기 전에 우리는 충분한 증거를 수집해야 해.
399	I usually spend thirty minutes reviewing new vocabulary words every evening. 	 나는 보통 매일 저녁 30분씩 새로운 단어를 복습하며 보내.
400	I apologized to my classmate immediately after I accidentally stepped on his foot. 	 실수로 반 친구 발을 밟자마자 즉시 사과했어.
401	It looks like it might rain soon because dark clouds are gathering. 	 먹구름이 몰려오는 걸 보니 곧 비가 올 것 같아.
402	Let's collect fallen dry leaves to make a colorful nature collage. 	 알록달록한 자연 콜라주 작품을 만들기 위해 떨어진 마른 낙엽들을 모아보자.
403	Could you help me look for my house keys? I can't find them anywhere. 	 집 열쇠 찾는 것 좀 도와줄래? 아무리 찾아도 안 보여.
404	I have to put on sunscreen before playing outside in the sun. 	 햇볕 아래서 밖에서 놀기 전에 선크림을 발라야 해.
405	I love looking at the stars in the night sky through my binoculars. 	 쌍안경으로 밤하늘의 별들을 관찰하는 걸 정말 좋아해.
406	Let's go to the convenience store to buy some steamed buns. 	 호빵 좀 사러 편의점에 가자.
407	I learned how ancient people tracked time using traditional stone sundials. 	 고대인들이 전통 돌 해시계를 이용해 시간을 어떻게 측정했는지 배웠어.
408	Can you show me how to properly stretch leg muscles after running? 	 달리기 후에 다리 근육을 올바르게 스트레칭하는 방법을 보여줄 수 있어?
409	I decided to practice playing the guitar for thirty minutes every afternoon. 	 매일 오후 30분씩 기타 연주를 연습하기로 결심했어.
410	Let's plant some sunflower seeds in the flowerpot on the balcony. 	 베란다 화분에 해바라기 씨앗을 몇 개 심어보자.
411	Let's make sure our shoelaces are tied tightly before we start running. 	 달리기 시작하기 전에 신발 끈이 꽉 묶였는지 확인하자.
412	Make sure to turn off the water heater after you finish your shower. 	 샤워 끝나고 나면 온수 끄는 거 꼭 챙겨.
413	We should turn off unnecessary lights to conserve electricity at home. 	 집에서 전기를 절약하기 위해 불필요한 전등을 꺼야 해.
414	I can't reach the top shelf, so can you grab that bowl for me? 	 맨 윗선반에 손이 안 닿는데, 그 그릇 좀 꺼내줄 수 있어?
415	I'm going to feed the goldfish in the aquarium right now. 	 지금 어항에 있는 금붕어 밥 주러 갈 거야.
416	We should recycle these plastic bottles and cardboard boxes. 	 이 플라스틱병들과 종이 상자들은 재활용해야 해.
417	Can you describe your favorite scene from the fantasy movie we watched yesterday? 	 어제 우리가 본 판타지 영화에서 가장 마음에 들었던 장면을 설명해 줄 수 있어?
418	I need to brush my pet dog's fur because he is shedding a lot. 	 털이 많이 빠져서 반려견 털을 빗겨줘야 해.
419	Always cover your mouth with your sleeve or elbow when you cough or sneeze. 	 기침이나 재채기를 할 때는 항상 옷소매나 팔꿈치로 입을 가려.
420	Our community organized a campaign to reduce plastic waste in the neighborhood. 	 우리 지역 사회는 동네의 플라스틱 쓰레기를 줄이기 위한 캠페인을 조직했어.
421	I always wash my water bottle thoroughly with soap and warm water every day. 	 나는 매일 비누와 따뜻한 물로 물병을 깨끗하게 씻어.
422	Can you show me how to beat this difficult level in the game? 	 게임에서 이 어려운 단계 어떻게 깨는지 보여줄 수 있어?
423	I usually express my feelings honestly whenever I talk with my close friends. 	 나는 친한 친구들과 대화할 때마다 내 감정을 솔직하게 표현해.
424	Can you show me how to organize these digital photo folders on the computer? 	 컴퓨터에서 이 디지털 사진 폴더들을 정리하는 법 좀 알려줄래?
425	Let's make sure our shoelaces are tied tightly before we start jogging. 	 조깅을 시작하기 전에 신발 끈이 단단히 묶였는지 확인하자.
426	Practicing daily deep breathing exercises helps reduce stress significantly. 	 매일 심호흡 운동을 연습하는 것은 스트레스를 크게 줄이는 데 도움이 돼.
427	Do you want to ride the roller coaster with me first? 	 롤러코스터 먼저 나랑 같이 탈래?
428	Could you explain the proper steps for recycling these cardboard packaging boxes? 	 이 포장용 종이 상자들을 올바르게 분리수거하는 단계를 설명해 줄 수 있어?
429	Can you explain why it gets darker much earlier during the winter months? 	 겨울철에는 왜 훨씬 더 일찍 어두워지는지 설명해 줄 수 있어?
430	We gathered dry pine cones and twigs to build a small campfire in the campsite. 	 우리는 캠핑장에서 작은 모닥불을 피우기 위해 마른 솔방울과 나뭇가지를 모았어.
431	It takes patience and continuous practice to master a foreign language. 	 외국어를 마스터하려면 인내심과 끊임없는 연습이 필요해.
432	We should respect different traditions and customs from around the world. 	 우리는 전 세계의 다양한 전통과 관습을 존중해야 해.
433	Let's check if the ice cream in the freezer has melted. 	 냉동실에 있는 아이스크림이 녹았는지 확인해 보자.
434	Always show consideration for others when you use public transportation. 	 대중교통을 이용할 때는 항상 다른 사람들을 배려하는 태도를 보여야 해.
435	It is polite to say thank you whenever someone provides helpful assistance. 	 누군가가 유용한 도움을 주었을 때 고맙다고 말하는 것은 예의 바른 행동이야.
436	I accidentally deleted my favorite playlist while updating the mobile application. 	 모바일 앱을 업데이트하는 도중에 실수로 가장 좋아하던 재생 목록을 삭제했어.
437	I'm going to take a nap for thirty minutes to recharge my energy. 	 에너지를 충전하려고 30분 동안 낮잠을 잘 거야.
438	I accidentally dropped my pencil and the tip broke off. 	 연필을 실수로 떨어뜨려서 심이 부러졌어.
439	We celebrated our successful science fair project with a small pizza party. 	 우리는 작은 피자 파티를 열어 성공적인 과학 박람회 프로젝트를 축하했어.
440	Let's take the dog to the grassy park so he can run freely. 	 강아지가 마음껏 뛰어놀 수 있게 잔디 공원에 데려가자.
441	I need to untangle my earphones before plugging them into my phone. 	 휴대전화에 꽂기 전에 이어폰 줄부터 풀어야 해.
442	Always remember to be kind and thoughtful toward everyone you meet today. 	 오늘 만나는 모든 사람에게 항상 친절하고 배려심 넘치게 대하는 것을 기억해.
443	We observed different types of cloud formations during our science field trip. 	 우리는 과학 현장체험학습 동안 다양한 형태의 구름들을 관찰했어.
444	I always check the bus arrival time on my smartphone app before walking out. 	 집을 나서기 전에 항상 스마트폰 앱으로 버스 도착 시간을 확인해.
445	We gathered colorful fallen autumn leaves to make a seasonal art craft. 	 우리는 계절 미술 작품을 만들기 위해 알록달록한 가을 낙엽들을 모았어.
446	I'm going to chop some carrots and onions for the vegetable soup. 	 야채수프에 넣을 당근과 양파를 좀 썰게.
447	Always wear bright clothing or reflective gear when riding your bicycle at dusk. 	 해 질 녘에 자전거를 탈 때는 항상 밝은 옷이나 반사 장비를 착용해야 해.
448	Drinking sufficient water during high-intensity exercise prevents dehydration. 	 고강도 운동을 하는 동안 충분한 물을 마시면 탈수를 예방할 수 있어.
449	Don't leave your bicycle unlocked when parking it in front of the store. 	 가게 앞에 자전거를 주차할 때 잠금장치를 풀린 채로 두지 마.
450	Can you recommend an entertaining documentary about deep-sea marine creatures? 	 심해 해양 생물에 관한 재미있는 다큐멘터리 한 편 추천해 줄 수 있어?
451	Don't forget to turn off the kitchen gas burner when the soup starts boiling. 	 국이 끓기 시작하면 가스레인지 불을 끄는 거 잊지 마.
452	Having a balanced diet helps your body maintain high energy levels all day. 	 균형 잡힌 식단을 유지하는 것은 하루 종일 높은 에너지 수준을 유지하는 데 도움이 돼.
453	You should always speak in a polite tone when answering the telephone. 	 전화를 받을 때는 항상 정중한 어조로 말해야 해.
454	We should encourage our friends whenever they try something challenging. 	 친구들이 도전적인 일을 시도할 때마다 우리는 서로 격려해 주어야 해.
455	I'm almost done folding my laundry and putting it away. 	 빨래 개서 정리하는 거 거의 다 끝났어.
456	Let's set a goal to read at least one chapter book every week. 	 매주 적어도 챕터북 한 권씩은 읽는 것을 목표로 세우자.
457	I think I left my water bottle at the soccer field. 	 축구장에 물병을 두고 온 것 같아.
458	I usually stretch my arms and legs before going for a jog. 	 나는 보통 조깅하러 가기 전에 팔다리 스트레칭을 해.
459	I want to learn how to do a kickflip on my skateboard. 	 스케이트보드로 킥플립 기술을 하는 법을 배우고 싶어.
460	Let's practice passing the soccer ball with both our left and right feet. 	 왼발과 오른발을 모두 사용해서 축구공을 패스하는 연습을 하자.
461	Let's choose an interesting mystery novel from the top shelf of the bookcase. 	 책장 맨 위 선반에서 흥미로운 추리 소설을 한 권 골라보자.
462	Don't touch the glass kettle when the water inside is boiling hot. 	 안의 물이 펄펄 끓고 있을 때는 유리 주전자를 만지지 마.
463	Do you want to go camping in the mountains or near the beach? 	 산으로 캠핑 가고 싶어, 아니면 바닷가 근처로 가고 싶어?
464	I always double-check my study planner before going to bed every evening. 	 매일 저녁 잠자리에 들기 전에 학습 플래너를 항상 다시 한번 확인해.
465	We decided to donate our old toys and winter clothes to the charity center. 	 우리는 오래된 장난감과 겨울옷을 자선 단체에 기부하기로 결정했어.
466	Could you show me how to adjust the seat height on this exercise bike? 	 이 헬스 자전거의 안장 높이 조절하는 방법 좀 알려줄래?
467	Can you help me find my missing sports water bottle around the living room? 	 거실 주변에서 잃어버린 운동용 물병 찾는 것 좀 도와줄래?
468	We should protect our eyes from ultraviolet rays by wearing protective sunglasses. 	 자외선 차단 선글라스를 착용하여 자외선으로부터 눈을 보호해야 해.
469	I usually check the nutrition facts on the snack package before eating. 	 나는 간식을 먹기 전에 보통 포장지에 적힌 영양 성분표를 확인해.
470	I felt very proud after completing the challenging jigsaw puzzle all by myself. 	 어려운 직소 퍼즐을 혼자 힘으로 완성하고 나니 정말 뿌듯했어.
471	I made a delicious strawberry banana smoothie for my afternoon snack. 	 오후 간식으로 맛있는 딸기 바나나 스무디를 만들었어.
472	I want to build a sandcastle near the water at the beach. 	 해변가 물 근처에서 모래성을 쌓고 싶어.
473	Could you show me the easiest way to peel this ripe mango? 	 이 잘 익은 망고 껍질을 가장 쉽게 벗기는 법 좀 보여줄래?
474	Which character skin did you unlock in the online battle game? 	 온라인 대전 게임에서 어떤 캐릭터 스킨을 해금했어?
475	It is crucial to check all the safety equipment before going rock climbing. 	 암벽 등반을 가기 전에 모든 안전 장비를 점검하는 것은 대단히 중요해.
476	You should express your gratitude whenever someone offers valuable assistance. 	 누군가가 귀중한 도움을 주었을 때는 항상 감사의 뜻을 표현해야 해.
477	I usually read through the entire instruction booklet before building Lego sets. 	 나는 보통 레고 세트를 만들기 전에 설명서 전체를 먼저 읽어봐.
478	Can you show me how to safely cross a busy intersection using hand signals? 	 복잡한 교차로에서 손을 들고 안전하게 건너는 법을 보여줄 수 있어?
479	We should protect wild animals by keeping natural parks clean and litter-free. 	 자연공원을 깨끗하고 쓰레기 없게 유지하여 야생 동물을 보호해야 해.
480	Can you help me tie a sturdy knot to secure this camping rope? 	 이 캠핑 로프를 고정할 수 있게 튼튼한 매듭 묶는 것 좀 도와줄래?
481	Could you turn down the volume of the TV a little bit? 	 TV 볼륨 좀 살짝 낮춰줄 수 있어?
482	Always cover your mouth with your elbow whenever you cough or sneeze. 	 기침이나 재채기를 할 때는 항상 팔꿈치로 입을 가려야 해.
483	Let's set a realistic daily goal to improve our reading speed gradually. 	 읽기 속도를 점진적으로 향상시키기 위해 현실적인 하루 목표를 세우자.
484	Please keep your voice at a moderate level inside the reading room. 	 열람실 안에서는 목소리를 알맞은 크기로 낮춰 줘.
485	Can you describe the personality of your favorite fictional superhero? 	 네가 가장 좋아하는 가상의 슈퍼히어로 성격을 설명해 줄 수 있어?
486	I need to refill my water bottle before we begin our hike. 	 하이킹을 시작하기 전에 물병을 다시 채워야 해.
487	Could you pass me that blue folder with the clear cover? 	 투명 커버가 달린 파란색 서류철 좀 건네줄래?
488	I want to improve my drawing skills by sketching various objects every single day. 	 매일 다양한 사물을 스케치하면서 그림 실력을 늘리고 싶어.
489	I feel so much better after drinking a cup of warm chamomile tea. 	 따뜻한 카모마일 차 한 잔을 마시고 나니 한결 기분이 좋아졌어.
490	Don't forget to lock the front door when you leave the house. 	 집 나갈 때 현관문 잠그는 거 잊지 마.
491	It is essential to wear safety goggles whenever handling chemical substances. 	 화학 물질을 다룰 때는 항상 보안경을 착용하는 것이 필수적이야.
492	Can you identify the strange constellation shining brightly in the eastern sky? 	 동쪽 하늘에서 밝게 빛나는 저 낯선 별자리가 무엇인지 알아볼 수 있어?
493	I always keep my study materials organized so I can study without distractions. 	 방해받지 않고 집중할 수 있도록 공부 자료들을 항상 정돈해 둬.
494	Can you introduce yourself briefly to the new members of our hobby club? 	 우리 취미 동아리의 신입 회원들에게 간단히 자기소개를 해줄 수 있어?
495	I made a delicious vegetable salad dressed with olive oil and fresh lemon juice. 	 올리브유와 신선한 레몬즙을 곁들인 맛있는 채소 샐러드를 만들었어.
496	You must follow all the safety rules while conducting experiments in the lab. 	 실험실에서 실험을 진행하는 동안 모든 안전 규칙을 반드시 따라야 해.
497	Let's take a peaceful morning stroll along the lake to enjoy the fresh breeze. 	 시원한 바람을 쐬며 호숫가를 따라 평화롭게 아침 산책을 하자.
498	I am planning to participate in the local marathon race this coming autumn. 	 이번 다가오는 가을에 지역 마라톤 대회에 참가할 계획이야.
499	We learned how recycling plastic waste helps reduce environmental pollution. 	 우리는 플라스틱 쓰레기를 재활용하는 것이 어떻게 환경오염을 줄이는지 배웠어.
500	Let's sit under this big tree to cool off in the shade. 	 그늘에서 땀 좀 식히게 이 큰 나무 아래 앉자.
501	Can you describe what kind of invention you would like to create in the future? 	 미래에 어떤 발명품을 만들어보고 싶은지 설명해 줄 수 있어?
502	I feel refreshed and full of energy after sleeping for eight solid hours. 	 8시간을 푹 자고 났더니 개운하고 에너지가 넘쳐.
503	I decided to spend fifteen minutes organizing my bedroom closet every morning. 	 매일 아침 15분 동안 방 옷장을 정리하기로 결심했어.
504	Let's celebrate our hard work by eating delicious fruit ice cream together. 	 다 함께 맛있는 과일 아이스크림을 먹으며 우리의 노력을 축하하자.
505	We planted several trees around the community center to improve the environment. 	 우리는 환경을 개선하기 위해 주민센터 주변에 나무를 여러 그루 심었어.
506	The sudden change in weather caused many people to catch a seasonal cold. 	 갑작스러운 날씨 변화 때문에 많은 사람이 환절기 감기에 걸렸어.
507	I prefer drinking plain water over sugary soda to stay healthy and fit. 	 건강을 유지하기 위해 당분이 든 탄산음료보다는 생수를 마시는 편이야.
508	I made a nutritious sandwich with whole grain bread, boiled eggs, and lettuce. 	 통곡물 빵, 삶은 달걀, 양상추로 영양가 있는 샌드위치를 만들었어.
509	You should wash your hands before touching any food. 	 음식 만지기 전에 손부터 씻어야 해.
510	We observed how tiny caterpillar slowly transforms into a beautiful butterfly. 	 우리는 작은 애벌레가 어떻게 아름다운 나비로 변해가는지 관찰했어.
511	We decided to create a handwritten thank-you card for our parents. 	 우리는 부모님을 위해 손글씨로 쓴 감사 카드를 만들기로 결정했어.
512	I am determined to learn how to play the acoustic guitar this year. 	 올해 통기타 연주하는 법을 꼭 배우겠다고 다짐했어.
513	I need to vacuum the living room carpet because there are breadcrumbs on it. 	 빵가루가 떨어져 있어서 거실 카펫을 청소기로 밀어야 해.
514	Can you measure the length and width of this wooden table with a ruler? 	 자를 사용해서 이 나무 탁자의 길이와 너비를 측정해 줄 수 있어?
515	Did you hear the funny joke that our friend told us earlier? 	 아까 우리 친구가 해준 웃긴 농담 들었어?
516	Let's check the weather forecast before we decide to go out. 	 외출하기 전에 일기예보부터 확인해 보자.
517	I usually sleep with a small nightlight on in my bedroom. 	 나는 보통 침실에 작은 무드등을 켜두고 자.
518	I like to listen to peaceful nature sounds when I want to relax. 	 마음을 편안하게 하고 싶을 때 평화로운 자연의 소리를 듣는 것을 좋아해.
519	We decided to prepare homemade granola bars using oats, honey, and nuts. 	 우리는 오트밀, 꿀, 견과류로 집에서 직접 그래놀라 바를 만들기로 했어.
520	Let's make a nutritious smoothie with frozen berries, yogurt, and milk. 	 냉동 베리, 요거트, 우유로 영양 가득한 스무디를 만들어보자.
521	Let's plant some mint and basil seeds in the herb garden. 	 허브 텃밭에 민트와 바질 씨앗을 심어보자.
522	Could you peel this orange for me because my fingers are sticky? 	 손이 끈적거리는데 이 오렌지 껍질 좀 까줄 수 있어?
523	Don't stand too close to the edge of the subway platform. 	 지하철 승강장 가장자리에 너무 가까이 서 있지 마.
524	I am eager to learn different foreign languages to travel around the world. 	 나는 세계 곳곳을 여행하기 위해 다양한 외국어를 배우고 싶어.
525	Please remember to zip up your jacket so you don't catch a cold. 	 감기 걸리지 않게 겉옷 지퍼 꼭 잠그는 거 잊지 마.
526	I am curious to learn how ancient astronomers mapped the stars in the night sky. 	 고대 천문학자들이 밤하늘의 별자리를 어떻게 지도로 그렸는지 배우고 싶어.
527	Let's bake some homemade blueberry scones for our afternoon family tea time. 	 오후 가족 티타임을 위해 집에서 블루베리 스콘을 구워보자.
528	We observed how tiny worker ants cooperate to carry heavy pieces of food. 	 우리는 작은 일개미들이 무거운 먹이를 나르기 위해 어떻게 협동하는지 관찰했어.
529	I forgot to set a daily reminder on my smartphone for my dentist appointment. 	 스마트폰에 치과 진료 예약 알림 설정을 깜빡했어.
530	Let's take the stairs instead of waiting for the elevator. 	 엘리베이터 기다리지 말고 계단으로 올라가자.
531	Always check the expiration date on dairy products before purchasing them. 	 유제품을 구매하기 전에는 항상 유통기한을 확인해.
532	It takes effort and consistency to develop good daily reading habits. 	 좋은 매일의 독서 습관을 기르려면 꾸준한 노력과 지속성이 필요해.
533	I am determined to read at least ten pages of an English storybook every evening. 	 매일 저녁 영어 동화책을 적어도 열 쪽씩 읽기로 결심했어.
534	We should take an umbrella with us just in case it rains later today. 	 오늘 늦게 비가 올 수도 있으니 만약을 위해 우산을 챙기자.
535	I accidentally deleted my favorite photo album from my digital device. 	 디지털 기기에서 내가 가장 좋아하던 사진 앨범을 실수로 삭제했어.
536	I can smell fresh popcorn popping in the kitchen. 	 주방에서 갓 튀긴 팝콘 냄새가 나.
537	I like watching funny animal videos on the tablet before bed. 	 자기 전에 태블릿으로 재미있는 동물 영상을 보는 걸 좋아해.
538	I'm trying to learn how to ride a skateboard without falling over. 	 안 넘어지고 스케이트보드 타는 법을 배우려고 연습 중이야.
539	Let's plant some sunflower and tomato seeds in the sunny corner of the garden. 	 정원의 볕이 잘 드는 구석에 해바라기와 토마토 씨앗을 심어보자.
540	Can you pass the salt and pepper shaker across the table? 	 식탁 건너편에 있는 소금이랑 후추통 좀 건네줄래?
541	Could you help me fold these clean towels and put them in the bathroom closet? 	 이 깨끗한 수건들을 개어서 욕실 수납장에 넣는 것 좀 도와줄래?
542	I decided to drink a glass of warm milk with honey to help me fall asleep. 	 잠이 잘 오도록 꿀을 탄 따뜻한 우유 한 잔을 마시기로 했어.
543	We are out of paper towels, so we should add them to our shopping list. 	 키친타월이 다 떨어졌으니 장보기 목록에 추가해야겠어.
544	Could you tell me where the nearest emergency exit is located? 	 가장 가까운 비상구가 어디에 있는지 알려주실 수 있나요?
545	Can you help me measure the perimeter of this wooden flower box? 	 이 나무 화단의 둘레를 재는 것 좀 도와줄 수 있어?
546	I need to charge my wireless mouse because the red indicator light is flashing. 	 빨간색 표시등이 깜빡이는 걸 보니 무선 마우스를 충전해야겠어.
547	It is essential to wear safety knee pads when riding a fast scooter. 	 빠른 킥보드를 탈 때는 안전 무릎 보호대를 착용하는 것이 필수적이야.
548	Don't leave your wet towel crumpled up on the floor. 	 젖은 수건을 바닥에 구겨서 내버려 두지 마.
549	We decided to split into two groups to finish the cleaning faster. 	 우리는 청소를 더 빨리 끝내기 위해 두 모둠으로 나누기로 결정했어.
550	You should always speak with polite manners when talking to elders. 	 어른들과 대화할 때는 항상 예의 바른 태도로 말해야 해.
551	Could you pass me that roll of sticky tape from the top shelf of the bookcase? 	 책장 맨 위 선반에 있는 접착테이프 좀 건네줄래?
552	Don't forget to take off your muddy boots before walking onto the carpet. 	 카펫 위로 걸어가기 전에 진흙 묻은 장화를 벗는 거 잊지 마.
553	Don't forget to wipe down the dining table after finishing lunch. 	 점심 식사를 마친 후에는 식탁을 행주로 닦는 거 잊지 마.
554	I need to set my alarm clock for 7 AM so I don't oversleep. 	 늦잠 자지 않도록 알람 시계를 오전 7시로 맞춰야 해.
555	Let's look up the bus schedule online so we don't wait too long at the stop. 	 정류장에서 너무 오래 기다리지 않도록 버스 시간표를 인터넷으로 확인하자.
556	Please close the refrigerator door properly so the cold air doesn't escape. 	 찬 공기가 빠져나가지 않게 냉장고 문 잘 닫아줘.
557	Let's write down a clear checklist so we don't forget any supplies. 	 준비물을 빠뜨리지 않도록 명확한 체크리스트를 작성해 보자.
558	Could you pass me that wooden cutting board on the kitchen counter? 	 싱크대 조리대 위에 있는 그 나무 도마 좀 건네줄래?
559	I want to learn how to swim backstroke this summer vacation. 	 이번 여름방학에 배영하는 법을 배우고 싶어.
560	Let's pack some fresh fruit slices and whole wheat sandwiches for our picnic. 	 소풍 갈 때 먹을 신선한 과일 조각들과 통밀 샌드위치를 챙기자.
561	Having regular physical exercise keeps your muscles and bones strong and healthy. 	 규칙적인 신체 운동은 근육과 뼈를 튼튼하고 건강하게 유지해 줘.
562	It is important to wash raw vegetables thoroughly before preparing a salad. 	 샐러드를 준비하기 전에 생채소를 깨끗하게 씻는 것은 중요해.
563	Could you pass me that wooden ruler so I can measure the exact length? 	 정확한 길이를 잴 수 있게 저 나무 자 좀 건네줄래?
564	You should always apologize sincerely when you hurt someone's feelings. 	 누군가의 마음을 상하게 했을 때는 항상 진심으로 사과해야 해.
565	Let's take a short break to drink water and do a quick stretching routine. 	 물도 마시고 간단한 스트레칭도 할 겸 잠깐 휴식을 취하자.
566	Let's take a group selfie together with the sunset in the background. 	 노을을 배경으로 다 같이 단체 셀카 찍자.
567	We worked collaboratively to build a miniature solar-powered toy car. 	 우리는 태양광으로 움직이는 장난감 자동차를 만들기 위해 함께 협동했어.
568	It takes dedication and regular practice to build strong athletic endurance. 	 강한 체력을 기르기 위해서는 꾸준한 노력과 규칙적인 운동이 필요해.
569	We enjoyed watching colorful butterflies flutter around the blossoming flowers. 	 우리는 활짝 핀 꽃들 주위를 팔랑거리며 날아다니는 알록달록한 나비들을 즐겁게 구경했어.
570	Can I have a slice of pepperoni pizza and a cup of water, please? 	 페퍼로니 피자 한 조각이랑 물 한 잔 주시겠어요?
571	I need to wipe down the dining table after finishing lunch. 	 점심 다 먹고 나서 식탁을 행주로 닦아야 해.
572	Can you show me how to adjust the brightness setting on this tablet? 	 이 태블릿의 화면 밝기 설정 조절하는 방법 좀 알려줄 수 있어?
573	Let's practice reciting the English poem so we can memorize it smoothly. 	 부드럽게 외울 수 있도록 영어 시를 소리 내어 낭독하는 연습을 하자.
574	Can you help me measure the width of this wooden bookshelf with a tape measure? 	 줄자로 이 나무 책장의 너비를 재는 것 좀 도와줄래?
575	I decided to reduce my screen time and read more adventure novels instead. 	 화면 보는 시간을 줄이고 대신 모험 소설을 더 많이 읽기로 결심했어.
576	I like spreading strawberry jam and butter on warm toasted bread. 	 따뜻하게 구운 식빵에 딸기잼과 버터를 발라 먹는 걸 좋아해.
577	I like adding a scoop of vanilla ice cream to warm apple pie. 	 따뜻한 애플파이에 바닐라 아이스크림 한 스쿱 얹어 먹는 걸 좋아해.
578	It is important to stay focused on one task at a time to be productive. 	 생산성을 높이려면 한 번에 한 가지 일에 집중하는 것이 중요해.
579	We decided to create a homemade recipe book with our favorite snack dishes. 	 우리는 우리가 가장 좋아하는 간식 요리들을 모아 직접 요리책을 만들기로 했어.
580	Setting realistic daily goals helps you stay motivated and achieve great success. 	 현실적인 하루 목표를 세우는 것은 동기를 유지하고 큰 성공을 이루는 데 도움이 돼.
581	I prefer reading historical fiction stories rather than watching television. 	 나는 텔레비전을 보는 것보다 역사 소설책을 읽는 것을 더 좋아해.
582	Could you help me look for my missing drawing compass under the bed? 	 침대 밑에서 없어진 제도용 컴퍼스 찾는 것 좀 도와줄래?
583	We learned how trees produce clean oxygen and absorb carbon dioxide from the air. 	 우리는 나무가 깨끗한 산소를 만들고 공기 중의 이산화탄소를 흡수한다는 것을 배웠어.
584	I like to eat fresh fruits like watermelon and peaches in summer. 	 나는 여름에 수박이나 복숭아 같은 신선한 과일 먹는 걸 좋아해.
585	I managed to solve the challenging crossword puzzle without looking at any clues. 	 힌트를 전혀 보지 않고 어려운 십자말풀이를 혼자서 풀어냈어.
586	Let's arrange our schedule so we have plenty of free time this weekend. 	 이번 주말에 자유 시간을 넉넉히 가질 수 있도록 일정을 조율해 보자.
587	Could you pass me that wooden cutting board on the kitchen counter? 	 싱크대 조리대 위에 있는 저 나무 도마 좀 건네줄래?
588	I am very interested in learning how robotic vacuums navigate around rooms. 	 로봇 청소기가 방 안을 어떻게 인식하고 돌아다니는지 배우는 데 관심이 많아.
589	I decided to drink warm water with honey instead of sugary carbonated drinks. 	 달콤한 탄산음료 대신 꿀을 탄 따뜻한 물을 마시기로 결정했어.
590	I always wash my hands with warm water and soap right after coming home. 	 집에 돌아오자마자 항상 따뜻한 물과 비누로 손을 씻어.
591	Can you show me how to assemble this miniature robot kit? 	 이 미니어처 로봇 조립 키트 어떻게 조립하는지 보여줄래?
592	Let's organize the messy bookshelf according to book genres and sizes. 	 지저분한 책장을 책의 장르와 크기별로 깔끔하게 정리하자.
593	Don't touch the kettle because the boiling water inside is extremely hot. 	 안에 든 끓는 물이 매우 뜨거우니 주전자를 만지지 마.
594	I am confident that consistent daily effort leads to remarkable progress. 	 꾸준한 매일의 노력이 놀라운 발전으로 이어진다고 확신해.
595	Could you explain the proper way to recycle these empty glass bottles? 	 이 빈 유리병들을 올바르게 분리수거하는 방법을 설명해 줄 수 있어?
596	Let's write down a checklist of all the necessary supplies for our hike. 	 등산에 필요한 모든 준비물 목록을 체크리스트로 작성해 보자.
597	Let's watch the sunset from the rooftop terrace before dinner. 	 저녁 먹기 전에 옥상 테라스에서 노을 지는 걸 보자.
598	I always review new vocabulary words before going to sleep at night. 	 나는 밤에 잠들기 전에 항상 새로운 어휘 단어들을 복습해.
599	We should reduce our electricity usage by turning off lights when leaving rooms. 	 방을 나갈 때 전등을 끔으로써 전력 소비를 줄여야 해.
600	Let's prepare a simple snack with sliced cucumbers, tomatoes, and cheese cubes. 	 얇게 썬 오이, 토마토, 깍둑썰기한 치즈로 간단한 간식을 준비하자.
601	Could you pass me a napkin so I can wipe my fingers? 	 손가락 좀 닦게 냅킨 한 장만 건네줄래?
602	You need to wipe down your sports shoes before placing them into the shoe cabinet. 	 신발장에 넣기 전에 운동화를 깨끗이 닦아야 해.
603	You need to wipe down your sports shoes before putting them in the shoe rack. 	 운동화를 신발장에 넣기 전에 먼저 닦아야 해.
604	Don't forget to put your wet umbrella in the umbrella stand. 	 젖은 우산은 우산꽂이에 꽂아두는 거 잊지 마.
605	Can you show me how to adjust the strap length on this lightweight backpack? 	 이 가벼운 배낭의 어깨끈 길이를 어떻게 조절하는지 보여줄래?
606	Can you give me some helpful advice on how to improve my public speaking? 	 대중 연설 실력을 어떻게 향상시킬 수 있는지 유용한 조언 좀 해줄래?
607	We observed a variety of colorful tropical fish at the city aquarium. 	 우리는 시립 아쿠아리움에서 다양한 색깔의 열대어들을 관찰했어.
608	Let's create a clear weekly study schedule to manage our time more effectively. 	 시간을 더 효율적으로 관리하기 위해 명확한 주간 학습 계획표를 만들자.
609	Can you explain the main difference between renewable and non-renewable resources? 	 재생 가능 자원과 재생 불가능 자원의 주요 차이점을 설명해 줄 수 있어?
610	Let's go to the department store to look for a birthday gift. 	 생일 선물을 고르러 백화점에 가보자.
611	Can you remind me to bring my sports bag before we leave? 	 우리 출발하기 전에 운동 가방 챙기라고 나한테 알려줄래?
612	Let's pack some healthy sandwiches and sliced oranges for our outdoor picnic. 	 야외 소풍을 위해 건강한 샌드위치와 썬 오렌지를 챙기자.
613	It is important to develop good study habits early during elementary school. 	 초등학교 시절에 좋은 공부 습관을 일찍 형성하는 것은 중요해.
614	I love discovering hidden gems of nature while hiking along the mountain trail. 	 산길을 하이킹하는 동안 자연의 숨겨진 명소들을 발견하는 것을 좋아해.
615	Could you tell me where I can find the nearest pedestrian overpass? 	 가장 가까운 보도 육교가 어디에 있는지 알려주실 수 있나요?
616	The botanical garden features rare species of tropical plants from South America. 	 그 식물원은 남아메리카에서 온 희귀한 열대 식물 종들을 전시하고 있어.
617	I always wear a warm scarf when the winter wind blows hard. 	 겨울바람이 세게 불 때는 항상 따뜻한 목도리를 둘러.
618	We should turn off all electrical switches before going on our family vacation. 	 가족 여행을 떠나기 전에 모든 전등 스위치를 꺼야 해.
619	It is polite to say thank you whenever someone holds the door open for you. 	 누군가 문을 열어줄 때 감사하다고 말하는 것은 예의 바른 행동이야.
620	Let's explore the mysterious nature trail located behind the neighborhood park. 	 동네 공원 뒤편에 있는 신비로운 자연 산책로를 탐험해 보자.
621	I usually eat an apple or a banana as a healthy after-school snack. 	 나는 보통 방과 후 건강 간식으로 사과나 바나나를 먹어.
622	Can you explain why leaves change color and fall during autumn? 	 가을에 나뭇잎의 색이 변하고 왜 떨어지는지 설명해 줄 수 있어?
623	I always appreciate when someone offers to help me with heavy luggage. 	 무거운 짐을 드는 것을 누군가 도와주겠다고 할 때 항상 고마움을 느껴.
624	You should dry your sneakers completely in the shade after washing them. 	 운동화를 빤 후에는 그늘에서 완전히 말려야 해.
625	Can I borrow your umbrella until tomorrow afternoon? 	 내일 오후까지 네 우산 좀 빌려 써도 될까?
626	Don't forget to wipe down the dining counter after preparing lunch. 	 점심을 준비하고 난 뒤에는 식탁 조리대를 행주로 닦는 거 잊지 마.
627	The heavy rain caused a major traffic jam on our way to the amusement park. 	 폭우로 인해 놀이공원으로 가는 길에 극심한 교통 체증이 발생했어.
628	I prefer using reusable cloth bags instead of single-use plastic bags. 	 나는 일회용 비닐봉지 대신 재사용 가능한 천 가방을 사용하는 것을 선호해.
629	Let's clean the dirty bicycle frame using a soft sponge and warm water. 	 부드러운 스펀지와 따뜻한 물로 더러워진 자전거 프레임을 닦자.
630	Let's go to the park and fly a kite since it's windy today. 	 오늘 바람이 부니까 공원에 가서 연 날리자.
631	You should always check the pedestrian light before stepping onto the crosswalk. 	 횡단보도로 발을 내딛기 전에 항상 보행자 신호등을 확인해야 해.
632	Don't leave your wet clothes piled up inside the laundry basket for too long. 	 젖은 옷을 빨래 바구니 안에 너무 오래 쌓아두지 마.
633	I prefer natural daylight over artificial lighting when reading in my bedroom. 	 침실에서 책을 읽을 때는 인공조명보다 자연 채광을 더 선호해.
634	You should always wear knee pads and elbow guards while roller skating. 	 롤러스케이트를 탈 때는 항상 무릎 보호대와 팔꿈치 보호대를 착용해야 해.
635	Can you teach me the basic steps of this traditional folk dance? 	 이 전통 민속춤의 기본 동작들을 나한테 가르쳐줄 수 있어?
636	We learned how ancient merchants traded silk and spices along the trade routes. 	 우리는 고대 상인들이 무역로를 따라 비단과 향신료를 어떻게 거래했는지 배웠어.
637	You should drink plenty of water after exercising to prevent muscle fatigue. 	 근육 피로를 예방하려면 운동 후에 물을 충분히 마셔야 해.
638	Can you pass me a pair of kitchen tongs so I can grab the toast? 	 토스트 집게 좀 건네줄래?
639	I try to stay calm and focused whenever I take an important school exam. 	 중요한 학교 시험을 치를 때마다 항상 침착하고 집중된 상태를 유지하려고 노력해.
640	Can you help me sort out the recyclable plastics from the regular trash? 	 일반 쓰레기에서 재활용 플라스틱을 분리하는 것 좀 도와줄래?
641	Don't touch wild plants or mushrooms that you find in the woods. 	 숲속에서 발견한 야생 식물이나 버섯은 함부로 만지지 마.
642	Could you pass me that small screwdriver to tighten the loose screw? 	 헐거워진 나사를 조이게 저 작은 드라이버 좀 건네줄래?
643	We should hurry up so we don't miss the beginning of the movie. 	 영화 시작 부분을 놓치지 않으려면 서둘러야겠어.
644	I usually drink a cup of warm barley tea before heading to sleep. 	 나는 보통 잠자리에 들기 전에 따뜻한 보리차 한 잔을 마셔.
645	Let's take a short walk around the neighborhood park to get some fresh air. 	 신선한 공기를 마시기 위해 동네 공원을 가볍게 산책하자.
646	I am confident that our sports team will win the championship match tomorrow. 	 나는 내일 우리 스포츠팀이 결승전 경기에서 승리할 것이라 자신해.
647	What kind of music do you like listening to when you relax? 	 쉴 때 어떤 종류의 음악을 듣는 걸 좋아해?
648	Let's clean the dirty bicycle frame with a damp cloth and warm soapy water. 	 젖은 천과 따뜻한 비눗물로 더러워진 자전거 프레임을 닦자.
649	Don't leave your bicycle unlocked when stopping by the convenience store. 	 편의점에 들를 때 자전거를 잠그지 않은 채로 두지 마.
650	Don't forget to pack a portable raincoat in case of sudden showers. 	 갑작스러운 소나기에 대비해 휴대용 우비를 챙기는 것을 잊지 마.
651	Let's check the movie showtimes online before heading over to the cinema. 	 영화관으로 출발하기 전에 인터넷으로 영화 상영 시간을 확인하자.
652	I love the smell of freshly mown grass after the lawn is cut. 	 잔디를 깎고 난 뒤에 나는 싱그러운 풀 냄새가 너무 좋아.
653	Can we stop by the bakery to buy some fresh bread? 	 신선한 빵 좀 사러 빵집에 들를 수 있을까?
654	Which shoes match better with this striped T-shirt? 	 이 줄무늬 티셔츠에는 어느 신발이 더 잘 어울려?
655	Let's research different renewable energy sources for our group assignment. 	 우리 모둠 과제를 위해 다양한 재생 에너지원에 대해 조사해 보자.
656	Which topping do you like best on your frozen yogurt? 	 프로즌 요거트에 어떤 토핑을 얹는 걸 제일 좋아해?
657	Don't touch the iron because it's still extremely hot. 	 다리미가 아직 엄청 뜨거우니까 만지지 마.
658	Please remember to lock the front gate before coming inside the house. 	 집 안으로 들어오기 전에 대문을 잠그는 것을 꼭 기억해.
659	Always cover your nose and mouth with a tissue when you sneeze. 	 재채기를 할 때는 항상 휴지로 코와 입을 가려야 해.
660	Let's go outside and see if there are any fireflies tonight. 	 오늘 밤 반딧불이가 있는지 밖으로 나가보자.
661	It takes continuous dedication and focus to achieve your long-term goals. 	 장기적인 목표를 달성하려면 끊임없는 헌신과 집중이 필요해.
662	Could you help me look for my misplaced library card in the living room? 	 거실에서 잃어버린 도서관 대출증 찾는 것 좀 도와줄래?
663	I feel proud whenever I accomplish challenging goals through continuous hard work. 	 끊임없는 노력을 통해 어려운 목표를 달성할 때마다 큰 뿌듯함을 느껴.
664	Always wear a sturdy helmet to protect your head while riding a skateboard. 	 스케이트보드를 탈 때는 머리를 보호하기 위해 항상 튼튼한 헬멧을 써.
665	Can you describe what kind of gift you want for your upcoming birthday? 	 다가오는 생일에 어떤 선물을 받고 싶은지 말해줄 수 있어?
666	We should always show gratitude whenever someone offers us a helping hand. 	 누군가 우리에게 도움의 손길을 내밀 때마다 항상 고마움을 표현해야 해.
667	We should turn off the tap while lathering our hands with soap. 	 비누로 손에 거품을 내는 동안에는 수도꼭지를 잠가야 해.
668	Don't forget to take off your muddy shoes before entering the house. 	 집에 들어가기 전에 흙 묻은 신발 벗는 거 잊지 마.
669	Could you tell me where I can find the nearest pedestrian crossing? 	 가장 가까운 횡단보도가 어디에 있는지 알려주실 수 있나요?
670	I bought a portable umbrella because the weather forecast indicated possible showers. 	 일기예보에서 소나기 가능성을 알려주었기 때문에 휴대용 우산을 샀어.
671	Could you recommend a fascinating science fiction novel suitable for teenagers? 	 십 대가 읽기에 적합한 흥미진진한 공상과학 소설 한 권 추천해 줄래?
672	Always remember to unplug unused electrical appliances to prevent energy waste. 	 에너지 낭비를 막기 위해 사용하지 않는 가전제품의 플러그를 뽑는 것을 기억해.
673	Let's go to the neighborhood park and play catch with a frisbee. 	 동네 공원에 가서 원반던지기 놀이 하자.
674	Could you help me attach these festive balloons to the living room ceiling? 	 거실 천장에 이 축하 풍선들을 붙이는 것 좀 도와줄래?
675	Please keep your voice down inside the hospital lobby out of consideration for patients. 	 환자들을 배려하여 병원 로비 안에서는 목소리를 낮춰 줘.
676	I have an itch on my back that I can't quite reach. 	 등 쪽이 가려운데 손이 잘 안 닿아.
677	I'm going to boil some water in the kettle to make herbal tea. 	 허브티를 끓이려고 주전자에 물을 좀 올릴게.
678	Can you help me look for my misplaced library card in the living room? 	 거실에서 잃어버린 도서관 대출증 찾는 것 좀 도와줄래?
679	Can you teach me the rules of this new card game? 	 이 새로운 카드 게임 규칙 좀 알려줄 수 있어?
680	It is essential to wear a life jacket when riding a boat on the lake. 	 호수에서 보트를 탈 때는 구명조끼를 착용하는 것이 필수적이야.
681	Let's water the potted plants on the balcony before the morning sun gets too hot. 	 아침 햇살이 너무 뜨거워지기 전에 베란다 화분에 물을 주자.
682	Can you recommend a fun mobile game that we can play together? 	 우리 같이 할 만한 재미있는 모바일 게임 하나 추천해 줄래?
683	I accidentally spilled vegetable oil on the kitchen floor, so be careful. 	 부엌 바닥에 식용유를 실수로 쏟았으니 미끄러지지 않게 조심해.
684	Can you show me how to calculate the average score of these three quizzes? 	 이 세 번의 쪽지시험 평균 점수를 어떻게 계산하는지 보여줄 수 있어?
685	Always make sure to look both ways before stepping onto the road. 	 도로로 발을 내딛기 전에 항상 양쪽을 살피는 것을 잊지 마.
686	We learned that honey bees play a vital role in pollinating flowers and crops. 	 우리는 꿀벌이 꽃과 농작물의 수분에 중요한 역할을 한다는 것을 배웠어.
687	I always keep my pencil case organized with pens, erasers, and a ruler. 	 나는 항상 필통 안에 펜, 지우개, 자를 깔끔하게 정돈해 둬.
688	Let's meet at the entrance of the shopping mall around 3 PM. 	 오후 3시쯤 쇼핑몰 입구에서 만나자.
689	Can I have a glass of cold water with ice cubes, please? 	 얼음 띄운 시원한 물 한 잔만 주실 수 있나요?
690	I like to write down my weekly goals in a small pocket diary every Monday. 	 매주 월요일마다 작은 수첩에 한 주의 목표를 적어두는 것을 좋아해.
691	Celebrating small accomplishments every day keeps you motivated to learn. 	 매일 작은 성취를 축하하는 것은 계속 배울 수 있는 동기부여를 제공해.
692	Can you teach me how to tie a knot for this camping tent? 	 이 캠핑 텐트 매듭 묶는 법 좀 가르쳐줄 수 있어?
693	Let's check the weather forecast to see if we should carry umbrellas today. 	 오늘 우산을 챙겨야 할지 일기예보를 확인해 보자.
694	Could you explain how birds manage to fly long distances during migration? 	 철새들이 이동하는 동안 어떻게 먼 거리를 날아갈 수 있는지 설명해 줄 수 있어?
695	Don't touch the glass kettle when the water inside is boiling rapidly. 	 안의 물이 세차게 끓고 있을 때는 유리 주전자를 만지지 마.
696	I usually drink a glass of warm water right after waking up. 	 나는 보통 아침에 일어나자마자 따뜻한 물 한 잔을 마셔.
697	Could you show me how to organize these digital files into separate folders? 	 이 디지털 파일들을 각각의 폴더로 정리하는 법 좀 보여줄래?
698	Always show respect to fellow passengers when riding on crowded public transit. 	 혼잡한 대중교통을 이용할 때는 동승한 승객들을 항상 배려하고 존중해야 해.
699	Could you help me measure the height of this plant to see how much it grew? 	 이 식물이 얼마나 자랐는지 보게 키를 재는 것 좀 도와줄래?
700	We need to protect endangered animals from losing their natural habitats. 	 우리는 멸종 위기 동물들이 자연 서식지를 잃지 않도록 보호해야 해.
